TempoID,Data,Dia_Semana,Dia,Mes,Numero_Mes,Ano,Bimestre,Trimestre,Semestre
1,2021-12-15,SEXTA,29,SETEMPRO,8,2015,3,3,2
2,2023-07-08,SÁBADO,9,FEVEREIRO,1,2020,6,3,2
3,2020-05-05,QUINTA,15,OUTUBRO,6,2019,3,4,2
4,2023-05-27,TERÇA,21,DEZEMBRO,6,2021,3,2,1
5,2020-07-28,SEXTA,15,FEVEREIRO,1,2010,1,4,1
6,2020-09-03,TERÇA,30,JULHO,6,2011,6,1,2
7,2022-06-22,SÁBADO,5,JUNHO,3,2017,3,2,1
8,2020-03-14,SEXTA,3,NOVEMBRO,9,2010,5,1,1
9,2022-10-24,SEXTA,9,NOVEMBRO,6,2024,6,3,2
10,2021-03-23,SEXTA,16,NOVEMBRO,7,2024,4,3,1
11,2023-04-22,QUINTA,16,NOVEMBRO,6,2010,5,2,2
12,2020-05-13,SÁBADO,13,FEVEREIRO,3,2011,6,2,1
13,2021-07-07,TERÇA,14,OUTUBRO,11,2019,1,4,1
14,2021-07-21,SEXTA,25,OUTUBRO,11,2012,3,2,2
15,2020-02-05,TERÇA,9,MAIO,2,2010,3,2,1
16,2022-03-01,SÁBADO,13,DEZEMBRO,4,2012,6,2,1
17,2021-02-15,QUARTA,5,MAIO,7,2018,1,2,1
18,2022-10-31,SÁBADO,25,SETEMPRO,2,2024,4,2,1
19,2022-01-22,QUINTA,18,OUTUBRO,4,2015,4,3,1
20,2021-02-12,QUARTA,16,OUTUBRO,10,2022,2,2,2
21,2022-11-19,SÁBADO,14,FEVEREIRO,4,2022,5,3,1
22,2020-07-31,QUINTA,22,JULHO,2,2014,3,4,2
23,2021-06-07,QUARTA,6,JUNHO,10,2023,4,1,2
24,2021-11-02,QUINTA,3,OUTUBRO,10,2018,2,2,2
25,2022-06-30,SEXTA,27,MARÇO,3,2011,5,4,1
26,2020-03-07,TERÇA,23,ABRIL,9,2010,4,1,2
27,2022-03-26,SEXTA,13,MARÇO,6,2019,5,1,1
28,2020-08-07,SEXTA,5,SETEMPRO,3,2010,2,2,2
29,2022-04-13,SEXTA,11,SETEMPRO,10,2013,2,4,1
30,2021-05-10,QUARTA,28,SETEMPRO,12,2023,2,3,2
31,2021-11-01,SEXTA,28,FEVEREIRO,5,2023,3,4,1
32,2023-04-27,SEXTA,19,FEVEREIRO,12,2022,5,4,1
33,2021-10-09,SEXTA,23,SETEMPRO,1,2024,3,2,1
34,2021-02-23,QUARTA,4,JUNHO,7,2018,5,2,1
35,2023-09-01,QUINTA,29,AGOSTO,11,2019,1,3,2
36,2021-02-11,DOMINGO,28,ABRIL,3,2024,1,3,1
37,2020-08-20,SEXTA,3,NOVEMBRO,10,2024,2,3,2
38,2021-08-18,SEXTA,7,ABRIL,6,2019,3,3,1
39,2023-09-26,QUARTA,20,MARÇO,7,2019,1,2,1
40,2021-12-07,TERÇA,7,JANEIRO,6,2018,4,2,2
41,2020-07-18,SEXTA,14,JUNHO,4,2015,5,2,1
42,2020-02-06,QUINTA,8,NOVEMBRO,9,2017,5,4,2
43,2023-11-18,TERÇA,28,OUTUBRO,4,2018,1,3,2
44,2021-05-06,SEXTA,26,MARÇO,5,2017,3,4,2
45,2022-12-16,QUARTA,3,AGOSTO,11,2024,4,2,2
46,2020-01-12,SEXTA,2,MAIO,6,2013,1,2,1
47,2023-02-13,SÁBADO,29,NOVEMBRO,8,2020,4,1,1
48,2020-11-10,SEXTA,8,AGOSTO,4,2014,3,4,1
49,2020-02-03,QUINTA,6,JUNHO,5,2022,3,4,2
50,2023-02-20,SEXTA,26,MARÇO,12,2017,4,3,1
51,2023-01-16,SÁBADO,27,AGOSTO,3,2021,4,2,2
52,2021-09-30,SEXTA,27,MAIO,11,2019,1,3,2
53,2023-01-25,QUINTA,26,ABRIL,1,2011,3,3,1
54,2021-07-17,TERÇA,18,DEZEMBRO,6,2015,1,1,1
55,2023-07-13,SEGUNDA,11,MARÇO,11,2010,4,1,1
56,2020-05-12,SEXTA,23,SETEMPRO,11,2010,3,2,2
57,2022-10-13,QUINTA,28,JUNHO,7,2023,3,2,2
58,2022-08-16,SEXTA,12,AGOSTO,3,2011,1,4,1
59,2023-08-14,QUINTA,23,ABRIL,12,2025,4,1,1
60,2021-04-18,SEXTA,18,MAIO,4,2022,4,3,2
61,2022-01-19,SÁBADO,30,AGOSTO,12,2012,4,2,2
62,2021-02-28,SEGUNDA,15,JANEIRO,11,2011,5,2,2
63,2022-08-24,SEXTA,6,FEVEREIRO,7,2014,5,4,1
64,2021-01-22,SEXTA,15,FEVEREIRO,6,2012,1,3,1
65,2023-11-23,SÁBADO,25,JULHO,8,2017,4,4,2
66,2020-10-26,SEGUNDA,22,JULHO,3,2019,2,3,1
67,2022-04-27,DOMINGO,21,MAIO,7,2019,5,4,2
68,2022-12-16,QUINTA,13,SETEMPRO,4,2010,2,4,1
69,2021-05-24,SÁBADO,3,NOVEMBRO,2,2011,5,4,1
70,2023-05-13,DOMINGO,9,OUTUBRO,2,2011,5,3,2
71,2020-02-07,QUINTA,24,JULHO,9,2010,3,2,1
72,2022-12-12,QUINTA,1,AGOSTO,5,2015,3,4,2
73,2023-01-14,SEGUNDA,15,JULHO,11,2017,4,2,2
74,2020-05-17,TERÇA,27,AGOSTO,12,2019,1,2,1
75,2022-08-15,QUINTA,14,JUNHO,1,2010,1,3,1
76,2022-07-07,SÁBADO,22,MARÇO,3,2025,2,1,2
77,2020-02-10,SEXTA,6,JULHO,5,2010,3,1,1
78,2023-03-14,SEGUNDA,13,ABRIL,8,2020,4,4,2
79,2022-12-29,SEXTA,14,NOVEMBRO,6,2015,4,3,1
80,2021-01-07,SEXTA,2,FEVEREIRO,5,2013,3,3,2
81,2023-06-29,SEGUNDA,8,JULHO,4,2020,5,2,2
82,2023-03-08,DOMINGO,18,JANEIRO,1,2011,2,1,1
83,2023-07-27,QUARTA,13,SETEMPRO,10,2022,5,1,1
84,2023-09-09,SÁBADO,24,MARÇO,8,2021,3,2,2
85,2022-05-30,QUINTA,18,MAIO,3,2013,6,3,1
86,2022-04-25,TERÇA,22,SETEMPRO,5,2011,3,2,1
87,2022-02-04,TERÇA,26,JANEIRO,11,2012,5,4,2
88,2020-06-30,SEXTA,14,MAIO,8,2012,2,1,2
89,2022-06-06,TERÇA,22,NOVEMBRO,1,2022,3,2,2
90,2021-04-24,SÁBADO,27,JULHO,9,2017,2,2,2
91,2022-02-28,QUINTA,11,NOVEMBRO,5,2010,1,2,1
92,2022-10-29,TERÇA,29,DEZEMBRO,8,2014,4,1,2
93,2021-01-12,SEGUNDA,7,JULHO,11,2015,2,4,2
94,2020-01-21,SEXTA,17,FEVEREIRO,6,2020,1,2,1
95,2023-01-15,SEXTA,17,FEVEREIRO,8,2014,3,2,1
96,2022-06-07,SEGUNDA,24,MAIO,6,2022,5,3,2
97,2022-04-06,QUARTA,10,SETEMPRO,10,2013,5,3,1
98,2022-09-01,TERÇA,7,MARÇO,10,2010,5,2,1
99,2020-12-12,SÁBADO,28,FEVEREIRO,10,2020,3,3,2
100,2020-01-05,DOMINGO,5,JANEIRO,10,2025,1,2,1
101,2023-08-10,DOMINGO,31,JULHO,12,2012,3,3,2
102,2021-02-26,QUARTA,14,JULHO,1,2018,1,3,1
103,2021-02-03,TERÇA,12,FEVEREIRO,6,2010,6,4,2
104,2020-05-10,TERÇA,2,NOVEMBRO,2,2022,2,2,2
105,2020-07-19,SEXTA,31,FEVEREIRO,6,2018,6,1,1
106,2020-09-18,SEGUNDA,4,AGOSTO,7,2018,1,4,2
107,2020-10-10,QUARTA,26,FEVEREIRO,4,2023,1,3,2
108,2022-05-07,SÁBADO,8,SETEMPRO,5,2012,3,2,2
109,2020-07-30,QUINTA,26,JUNHO,9,2020,4,4,1
110,2020-10-03,SEGUNDA,31,SETEMPRO,8,2024,6,3,2
111,2021-03-24,QUARTA,22,MARÇO,12,2018,5,1,1
112,2021-06-21,QUARTA,11,FEVEREIRO,4,2020,6,3,1
113,2023-08-31,QUARTA,10,DEZEMBRO,10,2025,4,3,2
114,2022-08-11,QUARTA,7,JULHO,1,2011,4,2,1
115,2023-04-07,SEGUNDA,6,JUNHO,3,2018,4,3,1
116,2022-10-17,SÁBADO,12,JULHO,11,2011,4,3,1
117,2021-08-29,QUINTA,6,OUTUBRO,5,2018,3,3,1
118,2023-06-28,SÁBADO,14,SETEMPRO,1,2015,3,2,1
119,2022-01-01,SEXTA,3,ABRIL,9,2012,1,1,2
120,2021-01-26,SEXTA,10,FEVEREIRO,5,2013,3,1,2
121,2021-10-01,QUARTA,3,ABRIL,8,2023,2,3,1
122,2020-10-14,TERÇA,4,FEVEREIRO,3,2013,4,3,1
123,2023-03-09,SEXTA,4,MAIO,7,2021,4,3,2
124,2023-04-30,TERÇA,4,ABRIL,3,2024,4,4,2
125,2021-03-02,TERÇA,18,JULHO,2,2024,2,3,2
126,2020-08-09,QUINTA,10,OUTUBRO,4,2019,3,3,2
127,2020-10-23,TERÇA,28,JULHO,2,2020,6,3,2
128,2021-09-16,SEXTA,24,DEZEMBRO,8,2015,2,2,1
129,2023-07-13,DOMINGO,18,JULHO,7,2018,2,3,1
130,2023-12-29,QUINTA,6,SETEMPRO,6,2014,4,3,1
131,2021-11-28,QUINTA,16,MAIO,6,2020,4,2,1
132,2021-02-12,SEXTA,22,JULHO,9,2023,6,2,2
133,2022-11-10,DOMINGO,13,JULHO,11,2016,2,3,1
134,2020-09-23,SÁBADO,30,ABRIL,2,2011,4,1,2
135,2020-06-17,TERÇA,12,SETEMPRO,8,2011,5,2,1
136,2021-02-22,TERÇA,10,ABRIL,5,2017,4,1,1
137,2021-10-10,QUINTA,17,FEVEREIRO,12,2012,2,3,1
138,2021-08-01,SEXTA,17,JANEIRO,8,2025,1,2,2
139,2023-12-18,QUARTA,12,FEVEREIRO,11,2018,4,3,2
140,2023-08-20,QUINTA,17,DEZEMBRO,7,2015,1,4,1
141,2021-04-16,SEXTA,16,SETEMPRO,8,2019,6,4,1
142,2021-05-16,SEXTA,11,FEVEREIRO,7,2022,4,4,1
143,2022-01-10,QUINTA,26,FEVEREIRO,4,2013,3,2,1
144,2020-05-24,TERÇA,29,MARÇO,2,2013,1,3,1
145,2020-02-18,TERÇA,8,AGOSTO,3,2011,4,4,2
146,2022-01-29,QUINTA,28,SETEMPRO,6,2016,6,2,1
147,2023-07-01,QUINTA,16,DEZEMBRO,2,2020,5,1,2
148,2023-09-17,DOMINGO,26,MAIO,8,2022,4,2,1
149,2020-04-03,QUINTA,6,MAIO,10,2022,5,3,2
150,2023-12-19,QUARTA,6,JUNHO,4,2020,2,3,1
151,2023-04-20,QUARTA,29,AGOSTO,9,2018,2,3,1
152,2023-06-01,QUINTA,26,NOVEMBRO,9,2025,2,2,1
153,2023-08-23,SÁBADO,13,NOVEMBRO,6,2019,2,4,2
154,2020-12-17,SEXTA,27,OUTUBRO,8,2016,5,2,1
155,2021-08-22,TERÇA,20,JUNHO,2,2013,2,4,1
156,2023-08-21,QUINTA,7,ABRIL,8,2014,5,4,1
157,2023-08-29,QUARTA,14,SETEMPRO,12,2020,1,3,2
158,2023-08-12,QUARTA,2,JUNHO,8,2015,4,4,1
159,2022-10-26,QUINTA,5,OUTUBRO,6,2019,3,2,2
160,2021-05-19,TERÇA,7,JUNHO,12,2019,3,3,2
161,2021-05-30,SEXTA,24,FEVEREIRO,2,2013,3,3,1
162,2020-06-06,SEXTA,2,AGOSTO,7,2015,1,3,2
163,2021-02-20,QUINTA,7,MARÇO,11,2013,5,2,2
164,2023-07-09,QUINTA,27,MAIO,6,2023,2,2,1
165,2023-03-31,SÁBADO,23,JULHO,6,2016,4,1,1
166,2022-07-08,SEXTA,15,AGOSTO,9,2017,2,3,2
167,2022-12-22,SEXTA,5,MARÇO,6,2017,2,1,1
168,2023-11-19,SEXTA,7,NOVEMBRO,8,2016,3,3,2
169,2021-08-31,QUARTA,10,ABRIL,5,2013,3,4,2
170,2021-07-18,QUARTA,23,MAIO,8,2023,2,3,1
171,2023-04-08,QUINTA,29,JUNHO,5,2021,6,2,1
172,2021-10-07,SEXTA,7,NOVEMBRO,4,2024,2,4,2
173,2022-02-23,SEGUNDA,22,NOVEMBRO,10,2016,1,1,1
174,2021-02-27,QUARTA,8,JUNHO,3,2021,2,2,2
175,2020-11-20,TERÇA,3,JULHO,1,2013,4,4,1
176,2020-03-02,QUINTA,29,NOVEMBRO,3,2018,2,3,1
177,2020-08-28,SEXTA,23,SETEMPRO,2,2019,6,2,1
178,2020-09-06,SÁBADO,29,FEVEREIRO,2,2011,5,4,2
179,2021-01-16,QUARTA,6,JULHO,6,2013,6,4,1
180,2022-11-29,SEXTA,2,SETEMPRO,2,2023,1,2,2
181,2022-02-21,QUARTA,24,AGOSTO,8,2022,2,2,1
182,2020-02-14,SEXTA,9,MAIO,3,2016,2,3,2
183,2023-11-30,SEXTA,8,OUTUBRO,5,2013,3,3,2
184,2022-12-11,QUARTA,29,ABRIL,5,2012,2,2,2
185,2021-04-05,SÁBADO,5,NOVEMBRO,12,2015,2,3,2
186,2022-06-15,QUINTA,24,MARÇO,11,2017,2,3,2
187,2021-09-06,QUINTA,19,JULHO,8,2015,3,2,2
188,2023-10-11,DOMINGO,5,JUNHO,8,2010,5,1,2
189,2022-07-08,QUARTA,15,ABRIL,10,2019,4,4,1
190,2021-01-29,SEGUNDA,16,MAIO,5,2014,3,3,2
191,2020-02-19,TERÇA,5,JULHO,5,2019,3,3,2
192,2022-02-28,SÁBADO,14,MAIO,5,2025,4,2,1
193,2023-09-09,TERÇA,1,MAIO,5,2018,2,1,1
194,2020-07-10,TERÇA,24,AGOSTO,4,2023,2,3,2
195,2020-01-14,QUARTA,2,SETEMPRO,9,2018,6,2,2
196,2021-10-02,DOMINGO,13,MAIO,7,2012,4,2,2
197,2021-05-05,SEXTA,7,JUNHO,3,2019,2,3,1
198,2021-01-17,QUINTA,13,MAIO,6,2024,2,4,1
199,2023-04-19,TERÇA,1,JUNHO,11,2025,4,4,2
200,2023-01-31,SÁBADO,15,JANEIRO,12,2017,4,2,1
201,2020-03-27,SÁBADO,14,MARÇO,9,2010,4,2,1
202,2022-04-06,SEXTA,12,MAIO,11,2025,5,1,2
203,2020-04-11,TERÇA,25,OUTUBRO,4,2024,3,1,2
204,2021-12-27,SEGUNDA,11,OUTUBRO,9,2017,6,4,1
205,2021-05-22,QUINTA,15,SETEMPRO,3,2019,1,2,1
206,2021-04-05,TERÇA,17,DEZEMBRO,9,2015,6,1,1
207,2020-08-20,SÁBADO,20,MARÇO,10,2014,3,4,1
208,2023-03-24,SÁBADO,30,ABRIL,12,2018,3,4,2
209,2021-02-05,SEXTA,4,MARÇO,2,2012,3,1,2
210,2023-10-26,QUARTA,26,MAIO,12,2012,1,2,2
211,2020-08-02,SÁBADO,19,MARÇO,6,2023,1,4,1
212,2022-07-09,TERÇA,9,FEVEREIRO,12,2012,4,1,2
213,2022-08-15,SÁBADO,14,ABRIL,8,2021,4,3,1
214,2022-06-26,TERÇA,4,AGOSTO,9,2021,5,3,1
215,2022-11-18,TERÇA,19,MARÇO,6,2022,2,3,1
216,2022-01-14,SÁBADO,20,NOVEMBRO,6,2016,4,2,2
217,2022-04-04,TERÇA,2,OUTUBRO,10,2019,4,1,1
218,2023-01-02,DOMINGO,5,MARÇO,6,2010,6,3,1
219,2022-12-02,QUARTA,11,NOVEMBRO,6,2014,2,3,2
220,2021-12-19,SEXTA,3,JUNHO,9,2010,4,2,2
221,2023-11-09,SEXTA,10,OUTUBRO,10,2011,5,1,2
222,2022-03-26,QUINTA,15,JULHO,10,2022,2,3,1
223,2021-03-17,TERÇA,24,AGOSTO,10,2021,1,1,2
224,2022-11-07,QUINTA,5,NOVEMBRO,5,2021,5,2,1
225,2022-09-04,SEGUNDA,23,SETEMPRO,2,2019,1,3,1
226,2022-01-22,SEXTA,14,AGOSTO,3,2010,1,2,1
227,2023-05-30,SEGUNDA,17,SETEMPRO,1,2022,4,3,1
228,2022-10-23,QUARTA,16,OUTUBRO,8,2023,4,2,1
229,2021-08-27,QUINTA,25,ABRIL,10,2017,3,2,2
230,2021-02-20,SEXTA,5,SETEMPRO,6,2021,6,2,1
231,2021-02-25,TERÇA,13,ABRIL,1,2010,4,4,2
232,2022-02-22,QUARTA,1,MARÇO,9,2014,2,3,1
233,2022-04-11,SÁBADO,15,OUTUBRO,5,2010,4,3,1
234,2021-02-04,TERÇA,4,AGOSTO,4,2016,2,1,2
235,2021-10-16,SEXTA,28,ABRIL,10,2016,4,2,1
236,2020-08-03,SÁBADO,28,JUNHO,5,2018,1,3,2
237,2023-04-05,SÁBADO,20,NOVEMBRO,10,2010,3,1,2
238,2022-09-09,SÁBADO,9,MARÇO,8,2017,6,1,2
239,2020-06-27,SEXTA,28,ABRIL,5,2019,1,2,1
240,2020-06-08,TERÇA,23,JUNHO,2,2015,3,3,1
241,2022-01-31,SÁBADO,16,SETEMPRO,2,2018,3,3,2
242,2021-05-04,SEXTA,25,MARÇO,11,2015,5,3,1
243,2020-06-25,TERÇA,4,OUTUBRO,7,2018,5,3,1
244,2022-05-31,QUARTA,22,JULHO,11,2021,3,2,2
245,2022-02-13,QUINTA,10,OUTUBRO,8,2023,5,3,1
246,2020-10-10,SEXTA,24,MAIO,2,2018,6,2,1
247,2022-02-12,QUARTA,29,SETEMPRO,8,2010,3,2,2
248,2020-01-24,QUARTA,1,OUTUBRO,6,2010,1,2,2
249,2020-03-05,QUARTA,19,ABRIL,11,2016,1,3,1
250,2023-05-01,SEXTA,9,OUTUBRO,10,2017,4,3,2
251,2020-05-31,QUARTA,21,JANEIRO,3,2022,4,3,1
252,2023-07-09,QUINTA,20,OUTUBRO,8,2012,6,4,1
253,2021-02-13,TERÇA,12,MAIO,4,2024,3,2,2
254,2023-11-09,QUARTA,29,OUTUBRO,2,2013,3,2,2
255,2021-02-21,QUARTA,23,ABRIL,9,2013,4,2,2
256,2023-10-18,SÁBADO,9,MARÇO,11,2016,6,4,2
257,2021-08-07,DOMINGO,19,JULHO,11,2020,5,1,2
258,2022-09-06,TERÇA,11,JUNHO,3,2013,3,3,1
259,2022-03-07,SEXTA,10,JUNHO,2,2025,2,1,2
260,2021-07-29,QUARTA,12,JULHO,2,2014,5,2,1
261,2021-02-06,QUARTA,26,MAIO,2,2010,4,4,1
262,2020-12-05,SÁBADO,30,JUNHO,3,2014,2,3,1
263,2020-03-24,QUINTA,26,JUNHO,3,2015,2,1,1
264,2023-04-02,SEXTA,9,NOVEMBRO,5,2022,5,1,2
265,2022-06-11,QUINTA,10,AGOSTO,1,2025,5,2,1
266,2022-07-14,QUARTA,15,JUNHO,4,2025,2,2,1
267,2021-02-25,QUARTA,26,ABRIL,12,2022,3,4,2
268,2023-09-10,QUARTA,5,ABRIL,3,2022,4,2,1
269,2022-02-08,SEGUNDA,13,AGOSTO,9,2020,4,2,2
270,2020-07-26,QUARTA,10,JULHO,2,2013,6,3,2
271,2023-06-11,QUINTA,20,SETEMPRO,8,2010,5,3,2
272,2022-01-12,SEXTA,29,JULHO,5,2022,2,3,2
273,2020-07-02,QUINTA,28,DEZEMBRO,6,2018,4,3,1
274,2020-09-02,SÁBADO,16,MAIO,12,2012,5,1,1
275,2023-11-04,SEXTA,7,ABRIL,7,2013,2,3,2
276,2022-07-24,DOMINGO,22,AGOSTO,11,2013,1,3,2
277,2021-05-12,SEGUNDA,20,MARÇO,7,2010,6,3,2
278,2020-07-06,QUINTA,16,OUTUBRO,7,2014,1,3,2
279,2020-02-20,QUARTA,30,JUNHO,11,2024,3,3,1
280,2022-05-20,SEXTA,23,FEVEREIRO,6,2025,5,2,2
281,2023-09-17,TERÇA,3,MARÇO,11,2019,6,3,2
282,2020-09-11,QUINTA,24,FEVEREIRO,9,2024,2,3,1
283,2020-10-15,SÁBADO,18,MARÇO,7,2020,5,3,2
284,2023-04-11,QUINTA,31,SETEMPRO,4,2017,5,4,1
285,2020-03-04,QUINTA,14,JULHO,3,2014,3,3,2
286,2023-09-10,SEGUNDA,12,JUNHO,1,2012,6,3,1
287,2023-08-23,SÁBADO,29,JUNHO,2,2019,1,4,1
288,2020-05-06,QUINTA,8,OUTUBRO,2,2012,6,4,1
289,2020-07-22,SEXTA,18,JUNHO,3,2021,3,2,2
290,2023-08-03,TERÇA,25,SETEMPRO,9,2017,4,3,1
291,2023-04-19,QUARTA,3,AGOSTO,9,2013,4,4,1
292,2023-12-14,SÁBADO,5,DEZEMBRO,10,2022,2,2,1
293,2023-03-31,SÁBADO,4,JUNHO,3,2015,5,2,2
294,2023-01-23,SEXTA,30,AGOSTO,7,2014,4,1,2
295,2021-02-02,SÁBADO,8,SETEMPRO,9,2018,2,1,2
296,2020-11-19,QUARTA,9,JULHO,12,2010,1,1,1
297,2021-04-24,SEXTA,10,JUNHO,12,2020,2,2,2
298,2023-10-08,QUARTA,24,FEVEREIRO,12,2025,2,3,2
299,2021-07-07,SEGUNDA,24,SETEMPRO,5,2012,5,3,2
300,2023-05-31,QUINTA,18,MARÇO,10,2023,2,3,2
301,2020-07-12,SÁBADO,14,MARÇO,6,2010,3,2,1
302,2023-03-05,SEGUNDA,9,JUNHO,9,2019,3,3,2
303,2021-07-21,TERÇA,22,AGOSTO,10,2020,5,3,1
304,2022-01-02,TERÇA,16,MAIO,10,2015,2,2,1
305,2022-02-08,TERÇA,19,OUTUBRO,11,2023,6,1,2
306,2022-07-03,QUINTA,14,NOVEMBRO,11,2013,5,2,1
307,2021-09-13,TERÇA,18,MAIO,11,2019,4,4,1
308,2023-06-10,SÁBADO,21,MAIO,1,2021,2,2,2
309,2021-08-05,DOMINGO,31,MARÇO,7,2024,5,3,2
310,2023-07-08,QUARTA,15,OUTUBRO,6,2025,5,2,1
311,2021-05-06,DOMINGO,2,MARÇO,2,2014,5,2,2
312,2021-04-11,DOMINGO,27,SETEMPRO,10,2017,4,2,1
313,2020-08-23,QUINTA,29,MARÇO,8,2018,6,3,2
314,2023-08-09,SEXTA,16,MAIO,5,2011,3,3,1
315,2022-02-08,TERÇA,24,MAIO,10,2010,2,3,2
316,2021-04-21,SEXTA,28,MARÇO,9,2023,4,3,1
317,2020-02-04,DOMINGO,9,FEVEREIRO,7,2022,4,1,1
318,2021-11-09,SÁBADO,26,JUNHO,6,2010,3,4,2
319,2023-01-19,DOMINGO,9,ABRIL,8,2018,2,2,1
320,2023-11-25,QUINTA,18,NOVEMBRO,2,2022,3,3,2
321,2022-02-03,TERÇA,29,AGOSTO,6,2016,5,2,1
322,2021-04-02,SEGUNDA,16,JULHO,7,2016,2,1,2
323,2021-01-15,SEXTA,12,NOVEMBRO,12,2015,4,1,1
324,2023-01-05,QUARTA,29,AGOSTO,3,2016,4,3,2
325,2023-04-05,TERÇA,17,SETEMPRO,11,2022,3,2,1
326,2021-09-14,SEXTA,11,JANEIRO,4,2016,5,2,1
327,2020-04-15,SÁBADO,5,NOVEMBRO,11,2016,5,4,2
328,2020-07-01,QUARTA,19,MAIO,8,2012,4,1,1
329,2021-06-20,QUARTA,23,FEVEREIRO,7,2011,1,4,1
330,2022-04-09,QUARTA,14,FEVEREIRO,6,2024,6,2,2
331,2023-06-02,DOMINGO,29,FEVEREIRO,4,2015,3,4,2
332,2021-04-17,SÁBADO,3,JANEIRO,4,2013,6,2,2
333,2020-08-27,SEXTA,6,JULHO,9,2015,5,3,1
334,2022-05-09,TERÇA,19,FEVEREIRO,6,2018,2,2,2
335,2023-02-17,SEXTA,23,JUNHO,11,2010,6,2,2
336,2020-11-27,QUARTA,24,SETEMPRO,7,2019,4,4,2
337,2021-02-06,QUARTA,30,FEVEREIRO,5,2021,3,4,1
338,2023-01-18,SEXTA,15,JULHO,9,2022,4,2,2
339,2022-04-22,SEXTA,8,JULHO,5,2016,5,1,1
340,2021-08-29,QUARTA,30,MARÇO,8,2021,4,2,1
341,2023-07-10,DOMINGO,7,MARÇO,9,2017,2,2,2
342,2021-07-16,SÁBADO,30,SETEMPRO,5,2014,2,4,1
343,2021-04-28,SEXTA,22,FEVEREIRO,9,2013,4,1,1
344,2020-07-14,TERÇA,4,ABRIL,5,2019,4,2,1
345,2023-07-21,QUINTA,16,AGOSTO,11,2015,2,3,1
346,2023-01-12,QUARTA,6,AGOSTO,3,2013,5,4,1
347,2020-02-26,TERÇA,23,FEVEREIRO,8,2022,2,4,1
348,2021-06-25,SEXTA,6,AGOSTO,2,2019,3,3,2
349,2021-06-13,SEXTA,14,NOVEMBRO,3,2015,6,2,2
350,2022-03-03,QUINTA,14,JULHO,4,2017,4,2,1
351,2021-02-14,TERÇA,6,DEZEMBRO,9,2016,3,2,2
352,2022-04-27,QUINTA,29,JUNHO,6,2022,6,3,1
353,2022-03-06,QUINTA,31,OUTUBRO,5,2019,2,2,2
354,2023-12-01,TERÇA,28,OUTUBRO,1,2024,6,1,1
355,2022-06-13,TERÇA,9,AGOSTO,12,2019,6,3,1
356,2023-07-17,QUINTA,22,JULHO,10,2011,3,1,1
357,2021-02-19,SEXTA,23,FEVEREIRO,7,2011,4,1,2
358,2020-05-18,TERÇA,5,NOVEMBRO,8,2020,6,2,1
359,2023-11-23,QUINTA,4,JUNHO,5,2025,4,2,2
360,2023-02-10,QUARTA,10,MARÇO,7,2021,5,2,2
361,2022-12-31,QUARTA,6,OUTUBRO,2,2025,6,2,1
362,2022-07-27,QUARTA,25,JULHO,9,2025,1,4,1
363,2023-01-19,SEGUNDA,28,JULHO,2,2023,4,4,1
364,2022-09-19,SEGUNDA,13,AGOSTO,6,2011,5,3,2
365,2020-10-21,QUINTA,30,JUNHO,10,2012,4,1,1
366,2020-07-29,QUARTA,18,MARÇO,9,2023,5,1,1
367,2020-11-05,TERÇA,15,MAIO,10,2017,1,2,2
368,2022-10-06,SEXTA,6,MAIO,1,2013,5,1,1
369,2020-03-08,TERÇA,2,ABRIL,2,2014,6,3,2
370,2020-04-23,TERÇA,25,NOVEMBRO,10,2022,1,3,2
371,2022-09-26,QUARTA,27,MARÇO,6,2018,4,1,2
372,2021-12-05,TERÇA,2,SETEMPRO,9,2014,3,3,2
373,2021-09-13,TERÇA,3,JULHO,10,2010,3,2,2
374,2021-05-08,TERÇA,29,FEVEREIRO,9,2021,3,3,2
375,2020-08-16,SEGUNDA,7,SETEMPRO,8,2020,4,3,2
376,2023-12-16,SEGUNDA,21,JULHO,10,2016,5,2,2
377,2023-01-26,SEGUNDA,6,AGOSTO,4,2014,3,2,1
378,2023-05-03,QUARTA,17,FEVEREIRO,10,2012,5,1,2
379,2023-08-28,SEGUNDA,18,JULHO,4,2020,5,2,2
380,2022-09-29,TERÇA,22,NOVEMBRO,2,2012,1,4,1
381,2023-12-17,DOMINGO,5,DEZEMBRO,1,2016,5,3,1
382,2023-10-24,QUINTA,29,NOVEMBRO,3,2011,4,2,2
383,2022-03-02,QUINTA,9,OUTUBRO,5,2017,5,3,2
384,2022-10-21,QUARTA,1,FEVEREIRO,10,2011,5,2,1
385,2021-08-20,QUARTA,19,FEVEREIRO,7,2016,2,3,2
386,2020-06-16,TERÇA,9,ABRIL,6,2013,4,3,2
387,2023-11-12,QUARTA,29,OUTUBRO,2,2025,6,2,2
388,2021-05-31,SEXTA,15,MARÇO,6,2016,2,2,2
389,2023-12-21,QUARTA,1,ABRIL,5,2016,5,1,1
390,2023-12-01,SEXTA,24,JULHO,8,2024,2,2,2
391,2022-08-30,SEXTA,7,AGOSTO,2,2015,3,4,2
392,2020-01-31,SEXTA,1,MARÇO,9,2018,5,2,1
393,2023-12-17,SEXTA,28,SETEMPRO,11,2018,2,2,2
394,2020-04-19,QUINTA,3,JUNHO,6,2023,4,4,2
395,2021-07-10,SÁBADO,4,DEZEMBRO,2,2012,5,3,2
396,2022-11-16,TERÇA,15,FEVEREIRO,10,2017,4,2,1
397,2022-02-24,TERÇA,20,SETEMPRO,9,2019,1,2,1
398,2020-02-08,SEXTA,1,ABRIL,6,2011,4,1,1
399,2020-03-30,SEXTA,8,ABRIL,10,2022,3,3,2
400,2020-05-14,SEXTA,13,MAIO,11,2022,3,2,1
401,2023-08-16,SEXTA,27,SETEMPRO,2,2022,5,3,2
402,2022-05-28,SEXTA,9,ABRIL,10,2017,1,1,1
403,2022-05-21,QUARTA,30,AGOSTO,9,2021,1,4,2
404,2020-02-17,QUINTA,3,OUTUBRO,10,2024,6,1,1
405,2023-06-11,SEGUNDA,2,AGOSTO,7,2024,4,3,2
406,2021-11-25,SÁBADO,9,AGOSTO,10,2020,3,2,2
407,2023-12-01,SÁBADO,6,JULHO,11,2019,2,4,1
408,2022-09-22,SEXTA,21,JULHO,6,2020,2,2,2
409,2023-04-17,SÁBADO,10,JUNHO,4,2016,1,2,1
410,2021-09-12,QUINTA,23,AGOSTO,9,2018,1,2,2
411,2021-08-16,SEXTA,10,JANEIRO,10,2014,6,2,1
412,2020-04-04,QUARTA,5,SETEMPRO,6,2022,5,3,1
413,2020-02-19,QUINTA,22,AGOSTO,10,2017,1,1,1
414,2020-07-20,TERÇA,14,MARÇO,5,2021,5,2,1
415,2020-01-26,QUARTA,22,OUTUBRO,9,2020,2,3,2
416,2021-01-19,QUINTA,29,JULHO,5,2024,6,2,1
417,2020-03-18,DOMINGO,2,AGOSTO,8,2019,3,3,2
418,2023-03-12,TERÇA,25,ABRIL,8,2019,5,2,1
419,2021-05-15,TERÇA,4,FEVEREIRO,11,2014,5,2,2
420,2023-10-01,SEXTA,6,FEVEREIRO,11,2019,5,2,1
421,2021-05-25,DOMINGO,13,JUNHO,3,2021,5,4,1
422,2023-11-27,SEGUNDA,20,AGOSTO,12,2010,1,3,1
423,2020-10-09,SEXTA,23,MAIO,10,2025,5,1,2
424,2022-09-30,TERÇA,26,JUNHO,4,2011,4,4,1
425,2023-04-03,QUARTA,9,AGOSTO,9,2012,1,3,2
426,2023-09-12,SEXTA,25,MAIO,5,2024,3,3,2
427,2022-12-19,SEGUNDA,27,JANEIRO,11,2017,2,2,2
428,2021-01-25,SEGUNDA,26,JULHO,5,2010,5,3,2
429,2021-05-13,SEXTA,3,SETEMPRO,12,2022,1,4,2
430,2022-11-07,TERÇA,30,JULHO,5,2018,2,4,2
431,2023-10-29,QUINTA,20,FEVEREIRO,7,2016,5,1,2
432,2022-08-27,SEXTA,26,OUTUBRO,4,2014,4,3,1
433,2023-06-15,TERÇA,17,OUTUBRO,2,2021,4,1,1
434,2023-06-16,QUARTA,25,ABRIL,8,2018,3,3,2
435,2022-09-09,TERÇA,30,JULHO,9,2010,2,2,2
436,2021-03-04,QUINTA,5,ABRIL,9,2017,6,2,1
437,2022-02-06,SEXTA,22,FEVEREIRO,10,2021,2,3,2
438,2020-04-10,QUARTA,19,SETEMPRO,4,2024,3,2,2
439,2022-12-13,QUARTA,22,MARÇO,11,2025,5,2,2
440,2020-05-08,SÁBADO,14,ABRIL,7,2020,4,2,1
441,2022-05-18,SÁBADO,30,JULHO,1,2021,1,4,1
442,2020-03-27,TERÇA,28,FEVEREIRO,6,2010,5,2,1
443,2023-07-31,DOMINGO,12,NOVEMBRO,1,2013,2,4,1
444,2023-03-15,SEXTA,14,ABRIL,1,2020,1,3,2
445,2022-01-23,QUARTA,10,FEVEREIRO,2,2015,5,3,2
446,2023-10-04,TERÇA,5,NOVEMBRO,5,2019,5,1,1
447,2020-07-17,TERÇA,24,JULHO,9,2021,3,2,1
448,2022-05-03,TERÇA,4,JULHO,3,2021,4,2,1
449,2023-12-11,SÁBADO,25,MAIO,10,2021,5,2,2
450,2023-11-12,QUARTA,12,JUNHO,6,2015,3,2,1
451,2023-01-26,SÁBADO,17,NOVEMBRO,9,2025,3,4,2
452,2022-11-21,SEXTA,8,SETEMPRO,2,2018,5,3,2
453,2023-11-29,SÁBADO,22,MAIO,7,2021,5,1,1
454,2022-12-31,DOMINGO,17,SETEMPRO,11,2023,4,2,2
455,2022-07-14,TERÇA,13,MAIO,9,2014,5,2,1
456,2022-05-27,SEXTA,14,DEZEMBRO,10,2022,2,3,2
457,2022-02-17,QUARTA,19,SETEMPRO,3,2013,2,2,1
458,2020-03-08,DOMINGO,27,NOVEMBRO,9,2014,4,4,2
459,2023-03-01,QUARTA,17,JUNHO,1,2015,2,2,1
460,2020-09-02,SÁBADO,6,JUNHO,7,2014,1,1,2
461,2020-04-14,TERÇA,6,FEVEREIRO,1,2015,4,2,1
462,2021-06-06,QUINTA,29,ABRIL,3,2015,4,3,1
463,2022-07-13,DOMINGO,10,JANEIRO,10,2022,4,4,1
464,2020-01-03,SÁBADO,29,AGOSTO,3,2023,1,4,1
465,2020-09-05,TERÇA,9,JANEIRO,4,2020,5,3,1
466,2022-12-22,SEGUNDA,18,NOVEMBRO,3,2011,2,3,2
467,2020-10-06,TERÇA,10,ABRIL,11,2023,3,3,2
468,2023-06-25,QUARTA,21,JULHO,2,2016,5,2,1
469,2023-12-15,TERÇA,20,MAIO,9,2017,6,2,1
470,2022-03-02,TERÇA,22,NOVEMBRO,6,2016,4,1,2
471,2020-05-03,SÁBADO,27,ABRIL,7,2017,5,3,1
472,2023-01-16,QUARTA,25,SETEMPRO,11,2017,2,4,2
473,2020-11-11,SÁBADO,5,OUTUBRO,3,2010,3,3,1
474,2020-08-31,QUARTA,26,JUNHO,7,2018,2,2,2
475,2021-01-14,QUARTA,23,JUNHO,8,2022,2,2,1
476,2021-04-16,SÁBADO,6,JUNHO,2,2012,6,2,2
477,2020-08-17,QUINTA,1,JUNHO,2,2013,5,3,1
478,2023-10-05,QUARTA,25,ABRIL,11,2018,5,4,1
479,2021-06-25,SÁBADO,22,OUTUBRO,11,2019,4,3,2
480,2020-07-13,DOMINGO,16,SETEMPRO,11,2016,3,3,2
481,2021-09-18,SÁBADO,19,JANEIRO,8,2015,4,3,2
482,2022-07-15,TERÇA,14,OUTUBRO,11,2025,4,4,2
483,2020-11-10,TERÇA,23,OUTUBRO,2,2020,2,2,1
484,2023-03-14,SÁBADO,13,OUTUBRO,9,2024,3,3,2
485,2021-03-16,SEXTA,25,MARÇO,2,2023,5,3,2
486,2022-07-31,SEXTA,5,SETEMPRO,1,2014,4,4,2
487,2021-12-20,QUARTA,16,NOVEMBRO,6,2020,2,3,1
488,2020-10-16,QUARTA,17,MARÇO,4,2017,2,1,1
489,2022-01-26,SEGUNDA,8,OUTUBRO,10,2017,3,1,1
490,2020-07-02,QUARTA,27,MAIO,5,2020,4,1,1
491,2022-01-17,QUINTA,11,MAIO,11,2011,1,1,1
492,2023-04-10,SEXTA,26,SETEMPRO,9,2022,4,2,2
493,2023-11-08,SÁBADO,1,JULHO,4,2018,1,2,1
494,2022-09-08,QUINTA,1,OUTUBRO,8,2023,2,4,1
495,2023-12-24,DOMINGO,17,MAIO,12,2018,3,3,1
496,2021-10-20,DOMINGO,12,JUNHO,8,2015,4,2,2
497,2023-12-07,QUARTA,20,ABRIL,6,2015,1,3,1
498,2022-05-11,QUARTA,14,JUNHO,8,2020,5,3,2
499,2020-12-23,QUARTA,23,OUTUBRO,10,2018,2,4,1
500,2023-11-30,SEXTA,3,SETEMPRO,7,2014,4,3,1
501,2023-09-03,QUARTA,10,OUTUBRO,5,2020,1,1,2
502,2022-03-19,TERÇA,22,MARÇO,5,2017,4,2,1
503,2023-10-07,SÁBADO,24,ABRIL,10,2010,1,3,1
504,2021-05-10,SEXTA,15,FEVEREIRO,9,2022,4,3,2
505,2021-08-01,SÁBADO,3,MARÇO,6,2019,4,2,2
506,2023-10-15,SÁBADO,31,JUNHO,2,2023,3,1,2
507,2023-10-06,QUINTA,14,JULHO,10,2013,4,1,1
508,2023-07-31,QUINTA,29,MARÇO,5,2021,4,1,2
509,2020-06-28,DOMINGO,20,MAIO,2,2023,3,4,2
510,2023-09-03,SEXTA,22,SETEMPRO,8,2015,3,2,1
511,2021-03-18,QUARTA,27,ABRIL,1,2013,5,2,2
512,2020-04-09,TERÇA,30,MAIO,11,2019,3,2,1
513,2021-02-01,SÁBADO,9,SETEMPRO,7,2020,1,2,2
514,2021-07-05,SEGUNDA,19,MAIO,1,2012,1,3,2
515,2021-05-20,TERÇA,15,DEZEMBRO,4,2018,3,4,1
516,2023-01-25,SÁBADO,14,AGOSTO,6,2017,1,2,1
517,2021-03-12,SEXTA,11,JULHO,1,2014,2,2,1
518,2020-05-09,SEGUNDA,4,JANEIRO,4,2013,3,4,1
519,2020-12-23,QUARTA,10,JANEIRO,3,2011,4,2,1
520,2020-02-07,SEGUNDA,21,MAIO,7,2024,5,4,2
521,2020-02-20,SÁBADO,28,OUTUBRO,3,2021,5,2,1
522,2022-10-26,SEXTA,26,NOVEMBRO,8,2017,5,1,1
523,2020-10-29,DOMINGO,19,DEZEMBRO,8,2023,3,4,1
524,2020-12-03,QUINTA,6,OUTUBRO,7,2017,3,2,1
525,2021-06-01,SEGUNDA,24,OUTUBRO,9,2013,3,3,1
526,2020-06-01,QUARTA,22,ABRIL,3,2014,6,3,2
527,2023-10-03,QUINTA,7,JUNHO,10,2025,1,3,2
528,2020-03-26,SEGUNDA,25,AGOSTO,4,2016,5,4,2
529,2020-02-12,QUINTA,17,AGOSTO,6,2017,5,3,1
530,2022-10-02,QUINTA,29,MAIO,4,2010,3,2,1
531,2022-02-02,QUINTA,21,AGOSTO,8,2011,2,4,1
532,2022-07-28,SEXTA,20,OUTUBRO,2,2015,2,3,2
533,2021-07-15,SEXTA,16,NOVEMBRO,5,2017,5,1,2
534,2023-05-30,QUINTA,19,NOVEMBRO,12,2019,4,3,2
535,2020-10-08,SEGUNDA,16,FEVEREIRO,4,2019,3,4,1
536,2023-07-14,QUARTA,16,ABRIL,6,2012,6,1,1
537,2022-06-04,SÁBADO,2,AGOSTO,9,2017,6,2,2
538,2021-07-19,TERÇA,12,AGOSTO,3,2016,2,2,1
539,2023-08-23,DOMINGO,19,ABRIL,10,2025,6,2,2
540,2021-10-27,QUINTA,17,ABRIL,9,2019,5,1,2
541,2021-02-23,QUINTA,7,MAIO,10,2018,3,1,2
542,2022-01-11,TERÇA,6,JUNHO,7,2023,5,3,1
543,2021-03-14,QUINTA,18,DEZEMBRO,6,2013,2,4,1
544,2020-09-03,QUARTA,28,MARÇO,2,2025,4,1,2
545,2023-11-27,SÁBADO,9,MARÇO,7,2023,5,2,1
546,2020-05-12,DOMINGO,20,MARÇO,7,2014,2,4,2
547,2021-02-19,QUARTA,20,NOVEMBRO,7,2019,5,3,2
548,2022-12-18,DOMINGO,18,JUNHO,10,2016,5,2,2
549,2022-02-09,TERÇA,10,AGOSTO,8,2025,5,2,2
550,2020-11-17,TERÇA,17,JULHO,8,2023,6,2,2
551,2022-05-24,SEGUNDA,24,AGOSTO,8,2022,3,3,2
552,2022-01-29,SEXTA,21,ABRIL,3,2013,6,2,1
553,2021-01-28,SEGUNDA,14,NOVEMBRO,4,2013,2,2,2
554,2020-12-18,DOMINGO,20,FEVEREIRO,10,2021,3,4,1
555,2021-10-25,SEXTA,17,NOVEMBRO,5,2013,3,1,1
556,2023-08-12,QUINTA,20,OUTUBRO,9,2013,3,2,1
557,2021-09-22,QUINTA,11,MARÇO,8,2013,2,3,2
558,2021-06-23,QUINTA,25,ABRIL,5,2014,4,4,1
559,2022-08-18,QUARTA,29,AGOSTO,2,2023,4,4,1
560,2020-03-25,SÁBADO,11,NOVEMBRO,2,2022,5,2,1
561,2020-12-31,QUINTA,14,FEVEREIRO,4,2021,3,3,2
562,2022-05-22,QUINTA,13,JUNHO,8,2014,4,1,1
563,2023-12-10,SEXTA,1,ABRIL,1,2021,3,4,2
564,2021-11-16,SÁBADO,9,JULHO,4,2021,4,2,1
565,2020-06-11,SEGUNDA,17,JUNHO,9,2020,6,3,1
566,2023-03-26,QUINTA,24,FEVEREIRO,4,2016,5,1,2
567,2023-06-05,QUINTA,8,MARÇO,3,2016,1,3,1
568,2022-03-12,SEXTA,7,ABRIL,4,2018,6,3,1
569,2020-04-29,SEGUNDA,24,MARÇO,3,2019,3,1,1
570,2020-05-13,SEGUNDA,22,MAIO,4,2023,4,1,2
571,2020-01-16,SEXTA,31,SETEMPRO,10,2012,4,3,1
572,2021-11-11,SEXTA,30,AGOSTO,9,2010,2,2,2
573,2022-06-12,SEXTA,16,DEZEMBRO,9,2018,3,2,2
574,2022-10-15,QUARTA,13,JULHO,8,2023,4,4,2
575,2023-08-26,TERÇA,21,JULHO,2,2017,4,2,1
576,2021-06-22,SEXTA,2,DEZEMBRO,2,2016,5,3,2
577,2020-04-26,QUINTA,17,NOVEMBRO,2,2010,3,1,1
578,2020-10-23,SÁBADO,16,OUTUBRO,4,2016,4,3,1
579,2021-07-27,QUINTA,30,DEZEMBRO,7,2022,2,2,1
580,2021-07-27,QUARTA,17,OUTUBRO,9,2018,5,4,2
581,2022-07-02,SEXTA,17,JUNHO,11,2023,3,4,1
582,2020-05-12,SÁBADO,21,MARÇO,3,2019,3,2,1
583,2020-05-11,SÁBADO,6,JANEIRO,8,2019,4,4,1
584,2023-07-05,SÁBADO,2,JULHO,12,2022,4,2,1
585,2020-04-04,QUINTA,6,OUTUBRO,5,2020,5,2,2
586,2020-04-13,SÁBADO,17,MAIO,3,2010,2,2,2
587,2021-07-21,QUARTA,23,JUNHO,6,2011,5,3,1
588,2023-05-07,TERÇA,13,MAIO,8,2018,5,2,1
589,2021-10-05,SÁBADO,10,SETEMPRO,9,2022,2,1,2
590,2020-08-11,DOMINGO,9,ABRIL,9,2021,2,2,1
591,2021-05-14,SEXTA,18,JULHO,5,2017,3,2,2
592,2020-02-29,QUARTA,16,AGOSTO,8,2011,6,2,1
593,2020-06-02,QUARTA,4,JULHO,2,2012,6,4,2
594,2023-02-25,TERÇA,1,JUNHO,9,2022,5,1,1
595,2020-11-15,DOMINGO,5,MARÇO,5,2025,4,2,2
596,2020-06-05,QUINTA,21,AGOSTO,10,2017,6,3,2
597,2023-01-16,DOMINGO,18,DEZEMBRO,4,2015,4,4,1
598,2021-05-12,QUARTA,10,ABRIL,8,2024,5,1,2
599,2021-05-03,DOMINGO,9,NOVEMBRO,6,2018,5,4,1
600,2021-10-22,TERÇA,27,OUTUBRO,2,2017,3,3,1
601,2020-08-07,TERÇA,27,MAIO,2,2011,2,1,1
602,2023-12-12,SÁBADO,6,AGOSTO,3,2013,4,2,2
603,2022-05-13,TERÇA,23,JULHO,7,2020,6,2,2
604,2022-06-28,SEXTA,25,MAIO,1,2021,2,1,2
605,2020-07-08,SÁBADO,29,JULHO,6,2020,3,3,2
606,2023-05-24,SEGUNDA,3,OUTUBRO,5,2015,5,4,2
607,2022-04-02,SEXTA,13,DEZEMBRO,9,2013,1,3,1
608,2022-08-08,DOMINGO,18,JANEIRO,8,2017,2,3,1
609,2023-11-01,SEXTA,22,JANEIRO,5,2023,1,3,1
610,2023-10-04,QUINTA,20,JUNHO,8,2022,2,1,1
611,2022-10-01,TERÇA,7,JULHO,7,2015,6,1,1
612,2022-11-21,TERÇA,15,DEZEMBRO,10,2024,6,2,1
613,2021-09-29,QUARTA,29,AGOSTO,5,2018,5,3,1
614,2022-11-15,TERÇA,1,MARÇO,4,2016,3,3,1
615,2020-09-16,TERÇA,23,MAIO,5,2015,2,1,1
616,2020-06-06,QUARTA,10,NOVEMBRO,6,2018,2,3,2
617,2022-07-11,TERÇA,19,MAIO,10,2022,5,2,2
618,2022-04-17,SEXTA,22,FEVEREIRO,8,2018,2,2,1
619,2021-03-24,QUARTA,21,ABRIL,7,2022,3,2,1
620,2021-03-19,DOMINGO,28,JUNHO,1,2013,4,2,1
621,2021-02-06,QUARTA,21,AGOSTO,10,2023,3,3,1
622,2020-12-04,QUARTA,3,NOVEMBRO,10,2020,3,3,1
623,2022-08-29,TERÇA,16,JANEIRO,1,2017,1,3,1
624,2023-09-20,QUINTA,24,SETEMPRO,5,2012,4,3,2
625,2020-03-03,SEGUNDA,20,MARÇO,7,2020,1,2,2
626,2020-05-13,TERÇA,3,AGOSTO,7,2021,1,3,1
627,2021-05-07,SEGUNDA,20,JULHO,4,2016,1,3,1
628,2021-06-24,QUINTA,13,ABRIL,6,2015,5,2,1
629,2022-03-26,TERÇA,24,AGOSTO,3,2018,5,3,1
630,2020-06-03,QUARTA,13,FEVEREIRO,8,2014,3,4,1
631,2023-08-28,QUINTA,12,AGOSTO,1,2023,4,2,2
632,2021-01-05,SEXTA,2,ABRIL,7,2016,3,4,2
633,2022-04-07,SEGUNDA,25,OUTUBRO,11,2018,2,1,1
634,2022-01-26,SEXTA,2,JUNHO,2,2021,3,2,2
635,2023-09-02,TERÇA,23,MARÇO,6,2021,3,2,1
636,2023-01-12,SEXTA,9,FEVEREIRO,3,2021,3,4,2
637,2021-07-31,QUINTA,6,ABRIL,6,2016,3,1,2
638,2020-10-29,TERÇA,8,JANEIRO,11,2019,2,3,2
639,2023-01-13,SEGUNDA,14,NOVEMBRO,3,2019,4,2,2
640,2023-04-15,DOMINGO,30,NOVEMBRO,3,2011,4,4,2
641,2023-01-11,SÁBADO,4,SETEMPRO,10,2011,6,1,1
642,2020-12-02,SEXTA,16,MARÇO,8,2024,2,3,1
643,2021-05-29,QUINTA,26,SETEMPRO,7,2023,5,3,2
644,2023-01-04,SEGUNDA,19,SETEMPRO,2,2018,5,2,2
645,2022-11-09,TERÇA,20,ABRIL,7,2025,3,4,1
646,2023-04-15,TERÇA,22,FEVEREIRO,2,2022,2,3,2
647,2020-06-07,TERÇA,24,SETEMPRO,6,2017,5,2,1
648,2021-10-29,QUINTA,21,AGOSTO,4,2022,4,1,1
649,2022-11-28,QUARTA,6,FEVEREIRO,7,2020,1,2,2
650,2020-09-21,SÁBADO,8,SETEMPRO,9,2012,3,4,2
651,2023-05-02,TERÇA,21,MAIO,3,2022,6,1,2
652,2020-03-29,QUARTA,20,FEVEREIRO,1,2021,1,2,1
653,2023-06-02,QUINTA,6,OUTUBRO,4,2013,2,4,1
654,2023-10-04,QUINTA,7,JUNHO,3,2024,5,4,2
655,2022-06-11,SEXTA,11,SETEMPRO,5,2024,4,2,2
656,2022-10-20,SEGUNDA,6,JANEIRO,5,2016,5,2,1
657,2021-02-14,QUARTA,16,JULHO,4,2014,1,2,1
658,2021-03-20,SEXTA,13,MAIO,11,2018,4,2,2
659,2021-10-13,TERÇA,4,JANEIRO,5,2013,4,4,2
660,2020-08-11,QUINTA,6,OUTUBRO,8,2022,3,3,2
661,2020-09-24,SEXTA,19,MARÇO,9,2021,4,1,1
662,2020-07-14,TERÇA,4,FEVEREIRO,12,2021,5,2,1
663,2022-03-09,QUARTA,5,AGOSTO,11,2023,4,4,1
664,2023-04-29,QUINTA,30,NOVEMBRO,5,2017,5,2,2
665,2022-08-30,SÁBADO,27,MARÇO,1,2018,5,3,2
666,2021-11-07,QUARTA,19,JULHO,9,2014,2,4,1
667,2023-06-04,SÁBADO,26,JUNHO,5,2020,5,2,2
668,2022-04-11,SÁBADO,2,SETEMPRO,10,2016,4,2,2
669,2023-05-12,SÁBADO,7,NOVEMBRO,2,2025,4,3,1
670,2023-07-25,QUARTA,28,AGOSTO,9,2023,6,3,1
671,2021-04-27,SÁBADO,10,FEVEREIRO,11,2022,4,2,2
672,2021-09-02,QUARTA,17,ABRIL,8,2013,4,2,1
673,2022-03-10,SEXTA,3,ABRIL,4,2025,3,3,1
674,2020-08-04,QUINTA,12,DEZEMBRO,10,2013,2,2,2
675,2022-05-17,QUARTA,25,OUTUBRO,3,2016,4,3,1
676,2020-09-11,TERÇA,14,AGOSTO,10,2014,4,2,1
677,2023-12-23,QUARTA,9,AGOSTO,5,2025,5,3,2
678,2022-10-14,SEXTA,2,NOVEMBRO,3,2012,4,2,1
679,2020-04-29,DOMINGO,15,DEZEMBRO,6,2011,5,2,2
680,2021-06-23,SEGUNDA,5,MARÇO,8,2018,6,3,1
681,2021-03-09,QUINTA,12,OUTUBRO,6,2011,1,1,1
682,2022-08-14,TERÇA,13,JANEIRO,11,2014,3,3,1
683,2021-07-08,QUARTA,9,ABRIL,8,2017,4,1,1
684,2022-02-15,QUINTA,12,MAIO,4,2023,2,2,2
685,2020-01-16,DOMINGO,28,JUNHO,12,2011,4,3,1
686,2021-03-10,QUARTA,1,SETEMPRO,5,2025,4,2,2
687,2023-05-07,SEXTA,23,MAIO,3,2021,5,1,1
688,2020-06-21,TERÇA,26,JULHO,11,2018,3,2,2
689,2021-12-11,SÁBADO,15,JULHO,2,2017,4,3,1
690,2022-07-23,TERÇA,12,OUTUBRO,6,2010,3,1,1
691,2021-12-23,SEXTA,7,MAIO,6,2013,5,3,2
692,2022-05-31,SEXTA,26,OUTUBRO,5,2017,6,4,2
693,2022-08-22,TERÇA,14,SETEMPRO,8,2023,5,3,2
694,2023-11-15,TERÇA,18,MARÇO,6,2025,2,3,2
695,2021-10-23,SÁBADO,25,DEZEMBRO,4,2018,2,2,2
696,2020-07-09,SÁBADO,31,JULHO,9,2010,3,2,1
697,2021-05-21,SEGUNDA,28,MARÇO,6,2020,4,2,1
698,2020-03-21,DOMINGO,26,AGOSTO,3,2021,2,3,1
699,2020-06-22,QUINTA,14,JUNHO,10,2024,5,3,1
700,2020-04-19,SÁBADO,11,FEVEREIRO,7,2018,4,4,1
701,2021-10-18,SÁBADO,17,SETEMPRO,5,2014,3,1,1
702,2023-05-21,QUARTA,10,SETEMPRO,11,2022,4,4,1
703,2021-08-04,SEXTA,9,JANEIRO,1,2024,5,3,1
704,2021-03-14,SEXTA,17,JUNHO,8,2018,5,3,2
705,2021-09-24,SEXTA,13,OUTUBRO,2,2010,2,4,2
706,2021-02-09,QUARTA,17,AGOSTO,11,2013,5,2,2
707,2023-01-01,TERÇA,28,SETEMPRO,8,2021,4,2,2
708,2021-08-13,SÁBADO,12,MAIO,10,2019,1,4,2
709,2023-11-16,SÁBADO,11,OUTUBRO,7,2025,1,2,2
710,2022-12-03,SÁBADO,29,OUTUBRO,10,2018,1,2,1
711,2022-04-29,SÁBADO,22,OUTUBRO,6,2024,2,3,1
712,2023-05-17,QUINTA,11,MARÇO,7,2020,4,4,2
713,2020-09-23,SEGUNDA,12,MARÇO,6,2015,3,1,2
714,2022-10-10,DOMINGO,24,MARÇO,8,2018,2,2,1
715,2021-07-14,DOMINGO,30,FEVEREIRO,5,2018,5,4,1
716,2020-02-14,DOMINGO,11,JUNHO,9,2017,1,4,1
717,2020-09-01,QUINTA,8,MARÇO,2,2012,4,1,2
718,2021-10-13,SEGUNDA,5,DEZEMBRO,9,2015,5,1,1
719,2023-04-23,SÁBADO,14,MARÇO,4,2021,4,2,2
720,2023-12-12,QUINTA,17,MARÇO,3,2023,3,3,2
721,2020-07-30,SÁBADO,6,ABRIL,9,2018,2,1,2
722,2020-02-10,TERÇA,28,OUTUBRO,11,2023,6,2,1
723,2023-11-13,QUINTA,26,JUNHO,5,2019,5,3,1
724,2023-09-09,SEGUNDA,22,NOVEMBRO,6,2019,3,3,2
725,2020-10-03,SEXTA,8,FEVEREIRO,1,2024,6,3,2
726,2020-06-11,QUINTA,11,MAIO,11,2010,1,3,2
727,2020-10-18,TERÇA,23,SETEMPRO,6,2010,5,4,2
728,2022-06-23,DOMINGO,21,NOVEMBRO,3,2015,5,2,1
729,2022-08-18,TERÇA,5,NOVEMBRO,4,2018,4,1,1
730,2023-03-22,QUARTA,30,ABRIL,4,2013,1,2,2
731,2020-07-09,SEXTA,20,FEVEREIRO,7,2015,4,2,2
732,2020-10-30,QUINTA,20,OUTUBRO,6,2015,2,3,2
733,2020-12-24,QUARTA,27,ABRIL,8,2024,6,4,1
734,2022-12-20,SÁBADO,27,JANEIRO,10,2023,6,3,1
735,2022-12-18,QUARTA,28,SETEMPRO,11,2023,1,2,1
736,2023-06-30,QUARTA,12,NOVEMBRO,4,2016,5,2,1
737,2023-06-19,TERÇA,24,ABRIL,7,2022,3,1,2
738,2022-08-02,QUARTA,24,MARÇO,3,2010,4,1,2
739,2021-02-04,TERÇA,19,JULHO,5,2017,4,1,1
740,2022-09-27,QUARTA,5,JULHO,11,2022,5,3,1
741,2023-07-11,SEXTA,17,JUNHO,10,2022,4,3,1
742,2023-04-29,DOMINGO,11,SETEMPRO,6,2012,4,3,2
743,2022-06-17,SÁBADO,6,MAIO,3,2020,4,1,1
744,2023-10-29,QUARTA,17,SETEMPRO,5,2011,4,4,2
745,2023-08-24,TERÇA,9,OUTUBRO,9,2014,5,1,2
746,2020-12-18,SEXTA,12,JULHO,10,2013,3,2,2
747,2021-02-06,QUINTA,19,JUNHO,8,2023,1,3,1
748,2022-10-17,QUARTA,11,NOVEMBRO,7,2023,4,1,2
749,2022-10-23,QUARTA,2,NOVEMBRO,10,2019,4,1,2
750,2022-06-15,QUARTA,3,SETEMPRO,10,2020,2,3,1
751,2021-02-10,SEXTA,18,MAIO,2,2019,5,2,2
752,2022-03-08,QUARTA,18,NOVEMBRO,4,2011,4,3,2
753,2022-10-19,QUINTA,28,ABRIL,2,2019,2,3,2
754,2022-08-16,TERÇA,14,NOVEMBRO,6,2015,1,1,1
755,2021-05-27,QUARTA,2,SETEMPRO,9,2020,3,2,1
756,2020-09-08,QUARTA,19,NOVEMBRO,2,2025,6,3,1
757,2023-07-20,QUINTA,18,NOVEMBRO,5,2010,2,2,2
758,2020-08-05,DOMINGO,25,JULHO,5,2024,5,3,1
759,2020-01-27,SÁBADO,15,SETEMPRO,11,2014,5,2,2
760,2023-11-01,SEGUNDA,8,JUNHO,4,2023,5,3,1
761,2023-02-05,SÁBADO,3,JUNHO,11,2010,5,3,2
762,2022-02-02,SEXTA,30,FEVEREIRO,11,2023,2,1,2
763,2023-06-03,QUARTA,7,MARÇO,3,2017,6,3,2
764,2020-11-05,QUARTA,27,OUTUBRO,11,2021,3,2,2
765,2020-07-22,SEXTA,1,DEZEMBRO,11,2024,6,2,1
766,2020-03-03,QUINTA,26,FEVEREIRO,12,2011,3,2,2
767,2021-06-09,QUARTA,31,NOVEMBRO,8,2020,5,2,1
768,2021-12-19,SEXTA,30,JUNHO,1,2022,2,3,2
769,2022-05-06,SEGUNDA,24,AGOSTO,2,2023,5,4,1
770,2021-10-09,QUARTA,24,MARÇO,9,2016,3,3,1
771,2023-03-22,QUARTA,15,JULHO,10,2024,5,1,2
772,2021-09-25,SÁBADO,3,NOVEMBRO,7,2013,1,2,1
773,2020-03-18,DOMINGO,8,JUNHO,12,2014,5,2,2
774,2021-11-01,QUINTA,23,MARÇO,6,2025,1,4,2
775,2020-11-04,SEXTA,20,FEVEREIRO,3,2010,2,1,1
776,2022-01-17,SÁBADO,6,MAIO,10,2012,3,2,2
777,2021-07-08,QUINTA,25,NOVEMBRO,4,2015,4,1,2
778,2023-01-01,TERÇA,15,SETEMPRO,10,2012,5,4,1
779,2021-12-23,QUINTA,8,NOVEMBRO,3,2020,4,3,1
780,2021-05-20,QUARTA,16,AGOSTO,10,2020,3,3,1
781,2022-05-07,QUARTA,23,JULHO,9,2011,4,4,2
782,2022-05-05,QUINTA,21,OUTUBRO,10,2023,2,4,1
783,2023-10-19,SEGUNDA,13,JANEIRO,6,2013,5,3,1
784,2023-09-15,SÁBADO,21,AGOSTO,10,2016,4,2,1
785,2022-08-27,SÁBADO,9,JUNHO,2,2011,2,4,2
786,2023-06-21,QUINTA,22,OUTUBRO,9,2019,1,3,1
787,2023-04-30,QUARTA,27,AGOSTO,12,2024,2,4,1
788,2021-03-29,SÁBADO,28,DEZEMBRO,9,2012,5,2,2
789,2021-12-25,TERÇA,10,JUNHO,3,2018,2,2,1
790,2023-08-04,QUARTA,31,ABRIL,8,2016,2,2,1
791,2022-06-23,DOMINGO,18,JUNHO,9,2011,4,1,1
792,2022-10-13,SEXTA,3,MARÇO,11,2015,2,2,1
793,2021-10-01,QUINTA,19,NOVEMBRO,3,2010,4,4,1
794,2021-10-06,SÁBADO,16,OUTUBRO,4,2023,1,3,2
795,2020-11-08,SÁBADO,19,MARÇO,3,2019,3,3,1
796,2022-05-06,TERÇA,30,MAIO,9,2013,3,3,1
797,2021-09-10,TERÇA,20,SETEMPRO,8,2022,3,1,2
798,2023-08-03,QUINTA,29,SETEMPRO,9,2017,3,4,1
799,2021-09-26,QUARTA,18,MAIO,2,2023,3,2,1
800,2020-06-20,QUARTA,7,NOVEMBRO,3,2020,5,3,2
801,2022-01-09,TERÇA,19,NOVEMBRO,4,2014,2,1,1
802,2023-04-23,TERÇA,30,MAIO,1,2019,5,1,1
803,2022-01-17,SEGUNDA,24,ABRIL,8,2012,5,3,2
804,2022-03-01,SEGUNDA,27,JULHO,4,2024,6,1,2
805,2023-06-11,DOMINGO,22,JULHO,10,2016,3,4,2
806,2021-06-25,SEXTA,24,JULHO,5,2012,2,3,1
807,2020-04-30,QUINTA,22,SETEMPRO,4,2025,3,2,2
808,2020-04-14,TERÇA,30,JULHO,7,2022,3,2,1
809,2023-01-03,TERÇA,9,MAIO,10,2010,5,2,1
810,2021-07-04,SEXTA,9,ABRIL,8,2018,4,4,2
811,2023-07-07,QUARTA,3,NOVEMBRO,7,2014,3,2,1
812,2021-08-04,SÁBADO,16,MAIO,4,2021,6,3,1
813,2022-02-12,SEGUNDA,7,NOVEMBRO,4,2012,3,1,2
814,2022-08-08,SEXTA,29,JUNHO,4,2015,3,2,1
815,2021-08-09,QUINTA,22,JULHO,3,2018,4,4,1
816,2022-12-26,SÁBADO,17,DEZEMBRO,6,2011,3,2,2
817,2023-11-01,SEXTA,3,ABRIL,1,2021,1,2,1
818,2022-08-22,QUARTA,14,MARÇO,4,2017,3,2,2
819,2022-05-14,SEXTA,27,NOVEMBRO,5,2017,4,1,2
820,2021-02-05,SÁBADO,13,JUNHO,8,2013,5,1,2
821,2020-12-17,TERÇA,24,MARÇO,3,2024,6,3,1
822,2020-03-06,SEGUNDA,7,ABRIL,7,2011,5,2,2
823,2020-05-27,TERÇA,10,JULHO,11,2014,5,2,1
824,2023-06-27,DOMINGO,22,ABRIL,8,2023,6,2,1
825,2023-06-09,SÁBADO,19,OUTUBRO,6,2017,4,2,1
826,2023-04-13,SEGUNDA,22,MAIO,5,2019,4,2,1
827,2022-02-03,SEXTA,24,SETEMPRO,5,2022,4,2,1
828,2023-02-05,TERÇA,13,FEVEREIRO,3,2010,4,3,1
829,2021-09-26,SEXTA,24,MAIO,9,2022,2,3,1
830,2023-07-30,QUARTA,26,ABRIL,7,2022,3,1,2
831,2021-12-19,SEGUNDA,24,NOVEMBRO,10,2022,2,1,2
832,2022-04-30,SEXTA,21,SETEMPRO,11,2015,3,3,1
833,2021-07-20,TERÇA,1,OUTUBRO,1,2018,5,2,1
834,2020-03-24,SEXTA,1,OUTUBRO,8,2013,4,3,1
835,2023-08-26,QUINTA,1,SETEMPRO,8,2022,5,2,2
836,2021-01-26,TERÇA,27,OUTUBRO,11,2016,6,2,1
837,2023-12-18,SÁBADO,9,AGOSTO,6,2021,2,2,1
838,2020-10-07,SEGUNDA,8,DEZEMBRO,5,2017,5,2,2
839,2023-10-04,QUARTA,16,SETEMPRO,9,2020,2,3,1
840,2021-07-17,SÁBADO,13,OUTUBRO,2,2014,5,3,2
841,2021-07-21,TERÇA,18,MARÇO,9,2021,4,3,1
842,2023-08-18,SEXTA,18,JANEIRO,8,2020,4,2,2
843,2022-05-12,TERÇA,20,JUNHO,5,2025,2,2,2
844,2020-06-20,QUINTA,8,SETEMPRO,4,2025,3,2,2
845,2020-10-22,SEXTA,2,ABRIL,9,2015,2,2,1
846,2020-06-12,QUINTA,16,SETEMPRO,3,2014,3,3,2
847,2022-05-19,QUARTA,29,NOVEMBRO,9,2019,5,3,1
848,2021-12-23,SEGUNDA,19,MARÇO,3,2022,2,4,1
849,2022-03-12,SÁBADO,12,DEZEMBRO,5,2022,6,3,2
850,2023-08-20,TERÇA,6,ABRIL,9,2016,5,2,2
851,2023-12-28,QUARTA,28,AGOSTO,8,2010,3,2,1
852,2020-12-16,TERÇA,2,FEVEREIRO,1,2010,2,1,1
853,2022-01-05,SÁBADO,9,JUNHO,1,2021,6,3,1
854,2023-12-14,SÁBADO,15,FEVEREIRO,3,2019,5,2,2
855,2021-02-27,SEXTA,2,NOVEMBRO,11,2019,2,3,1
856,2023-07-03,SÁBADO,23,JUNHO,10,2020,5,2,2
857,2020-08-24,TERÇA,21,MARÇO,8,2016,3,3,1
858,2023-04-27,SEXTA,9,MARÇO,2,2014,3,4,2
859,2023-02-17,SÁBADO,3,SETEMPRO,9,2023,3,3,1
860,2021-04-02,SEXTA,21,MARÇO,7,2010,6,3,1
861,2023-03-28,QUINTA,23,SETEMPRO,5,2011,2,2,1
862,2021-12-10,SÁBADO,21,JUNHO,10,2016,4,4,1
863,2020-01-26,SÁBADO,11,FEVEREIRO,12,2011,4,1,2
864,2020-07-15,QUARTA,10,NOVEMBRO,2,2013,3,3,2
865,2021-07-07,QUINTA,12,MAIO,8,2018,3,3,1
866,2022-12-14,QUINTA,13,AGOSTO,11,2012,4,2,2
867,2021-07-14,SÁBADO,19,OUTUBRO,9,2022,4,2,2
868,2023-06-06,SÁBADO,24,ABRIL,8,2013,4,4,2
869,2020-11-19,DOMINGO,28,SETEMPRO,11,2024,4,2,2
870,2020-01-12,TERÇA,7,ABRIL,8,2024,1,1,2
871,2023-08-13,TERÇA,24,JUNHO,12,2013,4,3,2
872,2023-09-14,SÁBADO,1,MARÇO,12,2013,2,4,2
873,2023-07-30,QUARTA,10,SETEMPRO,8,2023,4,3,2
874,2020-08-05,TERÇA,19,AGOSTO,6,2020,3,1,1
875,2020-09-19,QUINTA,2,DEZEMBRO,10,2013,2,1,2
876,2021-11-08,QUARTA,14,ABRIL,4,2011,3,2,2
877,2023-04-21,SÁBADO,7,MAIO,10,2020,1,4,2
878,2021-02-11,SEXTA,13,DEZEMBRO,2,2012,3,1,1
879,2022-03-01,SEXTA,19,MAIO,10,2019,6,1,1
880,2022-08-31,DOMINGO,25,NOVEMBRO,11,2019,2,2,2
881,2022-02-12,SÁBADO,27,ABRIL,1,2013,3,1,1
882,2020-01-18,SEXTA,8,OUTUBRO,4,2015,5,2,2
883,2022-01-24,SÁBADO,28,JUNHO,11,2016,2,1,2
884,2020-09-04,DOMINGO,8,OUTUBRO,8,2011,4,4,2
885,2023-07-24,QUARTA,30,JUNHO,11,2015,5,3,2
886,2020-09-16,DOMINGO,15,MARÇO,5,2013,6,2,1
887,2023-07-31,SEGUNDA,3,NOVEMBRO,2,2025,3,3,2
888,2022-12-10,SEXTA,28,MAIO,6,2020,3,2,2
889,2023-06-07,SEXTA,2,AGOSTO,4,2013,2,3,2
890,2020-03-12,SEGUNDA,14,MARÇO,9,2018,3,3,2
891,2022-05-22,QUARTA,13,FEVEREIRO,9,2023,1,3,2
892,2023-05-25,QUARTA,27,JULHO,11,2012,4,1,2
893,2021-07-24,SEXTA,21,MAIO,12,2019,6,4,1
894,2022-10-23,QUARTA,18,FEVEREIRO,4,2019,5,2,2
895,2023-04-10,QUARTA,18,FEVEREIRO,11,2017,2,4,2
896,2022-01-29,SÁBADO,12,JUNHO,2,2022,2,3,1
897,2021-08-22,QUARTA,2,JULHO,6,2024,2,2,1
898,2021-10-23,QUINTA,18,JUNHO,2,2018,4,4,2
899,2021-01-14,SÁBADO,21,FEVEREIRO,6,2022,2,1,2
900,2020-06-21,QUINTA,16,ABRIL,10,2021,4,2,1
901,2022-08-10,SEXTA,10,JULHO,9,2011,6,2,2
902,2023-12-30,SÁBADO,24,ABRIL,1,2024,2,1,2
903,2023-01-17,QUINTA,27,NOVEMBRO,9,2010,6,3,1
904,2021-12-14,DOMINGO,30,NOVEMBRO,1,2014,4,2,1
905,2021-06-21,SEXTA,4,OUTUBRO,3,2020,6,3,2
906,2022-11-08,SÁBADO,8,MARÇO,7,2023,6,3,1
907,2022-04-23,SEXTA,1,ABRIL,5,2011,6,4,2
908,2020-09-09,QUINTA,5,FEVEREIRO,11,2011,6,3,2
909,2021-12-20,QUARTA,19,SETEMPRO,11,2018,5,2,1
910,2021-10-15,SEXTA,1,ABRIL,10,2011,3,4,1
911,2021-06-06,QUINTA,20,NOVEMBRO,10,2020,5,4,1
912,2023-07-14,QUARTA,30,NOVEMBRO,7,2013,3,1,1
913,2023-12-04,QUINTA,30,JULHO,9,2021,5,4,2
914,2021-04-22,QUARTA,27,NOVEMBRO,5,2024,3,2,2
915,2022-08-12,SEGUNDA,2,SETEMPRO,7,2022,3,1,2
916,2021-01-14,QUARTA,30,FEVEREIRO,8,2019,2,2,1
917,2021-03-02,SÁBADO,8,JANEIRO,6,2019,4,3,1
918,2022-09-04,TERÇA,5,DEZEMBRO,6,2018,4,3,2
919,2021-03-18,SÁBADO,21,AGOSTO,5,2023,4,3,1
920,2023-08-26,SEGUNDA,27,SETEMPRO,7,2022,3,4,2
921,2021-12-26,SÁBADO,14,AGOSTO,2,2025,1,2,2
922,2023-05-06,SÁBADO,5,NOVEMBRO,9,2014,5,3,1
923,2020-07-07,SEGUNDA,2,OUTUBRO,3,2024,6,1,1
924,2022-03-10,QUINTA,20,ABRIL,4,2011,3,2,2
925,2023-02-22,SEGUNDA,12,JULHO,2,2017,3,2,2
926,2023-05-05,TERÇA,23,OUTUBRO,6,2013,5,2,2
927,2020-11-24,QUINTA,11,MARÇO,10,2025,2,4,1
928,2022-07-23,QUINTA,9,OUTUBRO,1,2010,6,2,2
929,2020-03-14,SÁBADO,4,FEVEREIRO,4,2023,5,1,2
930,2020-12-08,SÁBADO,17,AGOSTO,4,2018,3,4,2
931,2022-05-29,QUINTA,12,JULHO,1,2018,2,2,1
932,2020-09-15,SÁBADO,9,MAIO,4,2010,1,3,2
933,2022-01-04,SEGUNDA,23,FEVEREIRO,9,2016,4,2,2
934,2022-10-02,QUARTA,21,JANEIRO,6,2012,5,3,2
935,2020-04-24,SEXTA,1,OUTUBRO,2,2022,2,3,1
936,2020-02-04,TERÇA,11,FEVEREIRO,11,2016,6,3,2
937,2021-08-09,SEXTA,7,JUNHO,7,2018,2,3,1
938,2022-04-12,SEXTA,27,FEVEREIRO,9,2017,2,2,1
939,2023-05-22,TERÇA,10,JUNHO,10,2011,3,1,2
940,2023-06-20,TERÇA,20,MARÇO,10,2017,3,2,1
941,2020-08-11,TERÇA,1,MARÇO,4,2015,5,3,1
942,2021-09-01,TERÇA,7,FEVEREIRO,8,2010,3,2,1
943,2020-02-15,TERÇA,29,NOVEMBRO,2,2014,4,3,2
944,2023-09-01,SEXTA,7,JUNHO,4,2023,5,3,2
945,2020-10-04,TERÇA,27,OUTUBRO,1,2016,5,3,1
946,2020-04-15,SEXTA,6,AGOSTO,12,2021,3,3,2
947,2020-10-22,SEXTA,15,ABRIL,9,2011,4,2,1
948,2022-05-18,SÁBADO,12,FEVEREIRO,7,2010,3,2,2
949,2020-04-01,QUINTA,9,DEZEMBRO,9,2013,2,4,2
950,2021-04-10,DOMINGO,11,JUNHO,12,2023,5,1,2
951,2020-01-11,QUARTA,6,ABRIL,8,2012,4,4,2
952,2022-06-19,TERÇA,15,ABRIL,3,2018,5,1,1
953,2020-08-16,SEXTA,8,MARÇO,2,2010,3,4,1
954,2020-05-14,SEXTA,3,SETEMPRO,6,2021,5,4,2
955,2021-12-09,SÁBADO,16,MAIO,9,2010,2,2,1
956,2022-06-19,TERÇA,29,MAIO,6,2025,2,3,2
957,2023-04-12,SEGUNDA,8,NOVEMBRO,5,2017,4,4,1
958,2021-05-12,TERÇA,13,JULHO,6,2023,4,3,1
959,2023-10-28,SEXTA,22,ABRIL,5,2015,4,3,2
960,2021-08-23,QUARTA,15,ABRIL,5,2012,3,2,2
961,2023-12-11,TERÇA,10,AGOSTO,9,2025,5,3,1
962,2022-08-19,QUARTA,9,FEVEREIRO,3,2013,3,4,2
963,2020-04-15,SÁBADO,13,MARÇO,7,2014,4,2,1
964,2022-06-22,QUINTA,20,MARÇO,9,2020,1,3,2
965,2021-11-21,SEXTA,26,AGOSTO,12,2012,4,1,2
966,2020-09-19,SEXTA,26,JULHO,6,2024,2,4,2
967,2023-11-06,TERÇA,22,NOVEMBRO,2,2013,4,2,2
968,2021-06-11,QUARTA,16,JUNHO,7,2014,5,2,1
969,2022-10-28,TERÇA,24,AGOSTO,4,2013,2,2,2
970,2023-01-15,QUARTA,25,SETEMPRO,8,2022,6,2,1
971,2022-12-30,QUINTA,14,MAIO,6,2012,2,2,1
972,2020-06-11,SÁBADO,10,MARÇO,4,2023,2,2,1
973,2023-06-17,SEGUNDA,13,JUNHO,5,2025,5,2,1
974,2020-07-16,SEXTA,29,JULHO,6,2024,3,3,1
975,2023-08-17,QUINTA,27,FEVEREIRO,6,2021,3,4,1
976,2023-11-08,SEXTA,26,DEZEMBRO,5,2018,2,1,2
977,2023-05-26,SÁBADO,9,ABRIL,8,2011,2,4,2
978,2022-09-01,DOMINGO,9,JANEIRO,5,2020,4,2,2
979,2023-08-24,TERÇA,12,MARÇO,7,2021,4,3,1
980,2020-03-25,QUARTA,27,OUTUBRO,11,2015,4,2,2
981,2022-04-24,DOMINGO,21,OUTUBRO,5,2021,6,3,2
982,2020-06-16,DOMINGO,21,SETEMPRO,5,2023,1,3,1
983,2023-12-05,TERÇA,15,SETEMPRO,5,2018,3,2,2
984,2022-03-31,SEGUNDA,15,MAIO,6,2020,5,2,1
985,2020-05-19,QUARTA,16,ABRIL,11,2019,5,2,1
986,2023-01-06,TERÇA,2,SETEMPRO,11,2025,4,2,2
987,2021-08-13,TERÇA,11,ABRIL,5,2011,2,2,2
988,2020-12-01,DOMINGO,12,JANEIRO,8,2021,6,2,2
989,2023-10-31,SÁBADO,29,JUNHO,8,2015,5,4,1
990,2021-05-01,QUINTA,15,DEZEMBRO,8,2018,5,3,2
991,2022-02-05,QUARTA,31,SETEMPRO,6,2025,3,3,2
992,2021-05-15,SEXTA,23,NOVEMBRO,10,2019,3,2,1
993,2021-07-10,QUINTA,29,JUNHO,2,2013,5,3,2
994,2022-01-16,QUINTA,18,JULHO,1,2019,5,4,2
995,2022-11-30,TERÇA,10,JUNHO,11,2010,3,2,2
996,2021-10-23,QUINTA,4,FEVEREIRO,12,2014,1,3,1
997,2020-01-27,SEXTA,2,SETEMPRO,5,2016,3,3,1
998,2021-10-18,SEXTA,5,MARÇO,9,2021,5,1,1
999,2022-11-11,QUARTA,24,FEVEREIRO,10,2014,5,3,1
1000,2023-10-31,QUINTA,4,FEVEREIRO,2,2010,4,1,1
1001,2020-08-15,SÁBADO,25,NOVEMBRO,1,2017,5,2,2
1002,2021-09-05,SÁBADO,3,OUTUBRO,3,2020,6,2,2
1003,2023-06-20,SEXTA,25,JULHO,5,2011,3,4,2
1004,2020-01-27,QUINTA,29,MAIO,2,2013,3,3,2
1005,2023-01-06,SEXTA,2,NOVEMBRO,9,2018,1,4,1
1006,2023-02-20,TERÇA,19,NOVEMBRO,12,2010,1,3,1
1007,2021-06-05,SÁBADO,19,MARÇO,5,2016,2,3,2
1008,2022-08-21,SEGUNDA,7,MARÇO,3,2018,1,2,2
1009,2021-10-08,QUINTA,10,JUNHO,6,2013,3,2,2
1010,2022-04-24,SEGUNDA,11,OUTUBRO,5,2022,2,4,2
1011,2021-03-31,QUARTA,3,ABRIL,9,2014,6,2,1
1012,2020-09-21,DOMINGO,4,SETEMPRO,8,2013,6,2,1
1013,2021-09-07,QUINTA,3,NOVEMBRO,6,2014,1,2,2
1014,2021-12-10,TERÇA,22,OUTUBRO,11,2013,2,2,2
1015,2023-03-08,SÁBADO,16,SETEMPRO,7,2011,4,3,2
1016,2023-12-15,QUINTA,16,JULHO,5,2024,3,4,2
1017,2022-01-26,SEXTA,3,FEVEREIRO,8,2023,6,2,1
1018,2023-11-06,SEXTA,26,MARÇO,7,2010,2,2,2
1019,2020-08-21,TERÇA,8,AGOSTO,3,2024,3,1,2
1020,2021-03-16,SEXTA,12,NOVEMBRO,12,2023,1,2,1
1021,2021-07-19,QUINTA,16,JULHO,5,2018,5,3,1
1022,2023-11-02,QUINTA,18,ABRIL,3,2025,3,4,1
1023,2022-10-06,DOMINGO,14,FEVEREIRO,2,2016,4,2,2
1024,2022-06-25,SÁBADO,29,AGOSTO,12,2020,2,3,2
1025,2020-05-29,QUARTA,6,JANEIRO,2,2013,2,2,1
1026,2021-09-26,DOMINGO,14,FEVEREIRO,2,2017,4,3,1
1027,2023-05-22,TERÇA,20,OUTUBRO,6,2017,5,3,2
1028,2022-08-21,SEXTA,12,ABRIL,12,2021,3,1,1
1029,2023-10-20,SÁBADO,22,AGOSTO,4,2024,1,4,2
1030,2023-12-16,SEXTA,4,OUTUBRO,3,2025,5,1,1
1031,2021-12-03,QUARTA,8,MAIO,11,2023,1,3,1
1032,2023-03-11,QUINTA,30,ABRIL,9,2014,3,4,1
1033,2022-01-21,TERÇA,10,OUTUBRO,9,2021,2,3,1
1034,2023-08-17,QUINTA,8,DEZEMBRO,1,2012,4,3,1
1035,2020-11-06,DOMINGO,19,JUNHO,4,2012,1,3,2
1036,2023-06-03,QUARTA,3,MARÇO,12,2012,5,2,2
1037,2020-12-22,SEXTA,3,SETEMPRO,11,2021,5,3,2
1038,2020-10-01,SÁBADO,21,OUTUBRO,6,2021,3,4,1
1039,2022-03-13,SEGUNDA,7,OUTUBRO,9,2014,6,1,2
1040,2022-11-16,SEGUNDA,13,MAIO,2,2024,1,3,1
1041,2023-03-31,QUINTA,1,JULHO,12,2013,5,3,1
1042,2023-08-04,SEGUNDA,4,MAIO,9,2025,2,1,2
1043,2022-02-04,DOMINGO,5,JULHO,5,2024,3,3,2
1044,2023-08-13,SEGUNDA,2,MARÇO,3,2010,4,3,1
1045,2021-04-30,SEGUNDA,16,JUNHO,8,2024,1,3,2
1046,2021-02-05,QUARTA,14,MAIO,1,2010,5,3,2
1047,2023-10-24,TERÇA,21,MAIO,2,2025,2,2,1
1048,2020-05-28,QUINTA,17,SETEMPRO,2,2014,3,2,2
1049,2022-12-05,DOMINGO,23,JULHO,10,2014,6,2,2
1050,2022-05-13,SEGUNDA,12,ABRIL,6,2021,3,2,2
1051,2020-01-27,SEGUNDA,6,FEVEREIRO,5,2020,3,3,1
1052,2022-11-26,QUARTA,15,JUNHO,9,2021,6,3,2
1053,2022-04-03,SEXTA,18,JUNHO,9,2018,5,2,1
1054,2021-03-11,QUINTA,26,JUNHO,6,2021,5,4,2
1055,2021-08-13,SÁBADO,3,AGOSTO,10,2018,4,1,2
1056,2021-03-07,SEGUNDA,13,AGOSTO,6,2024,5,3,2
1057,2021-09-15,SÁBADO,13,OUTUBRO,11,2012,5,2,1
1058,2020-04-11,SÁBADO,15,FEVEREIRO,3,2021,6,2,2
1059,2022-11-20,SEGUNDA,15,MAIO,5,2012,5,3,2
1060,2023-07-03,SEGUNDA,2,MARÇO,4,2016,4,2,1
1061,2023-06-11,SEXTA,22,NOVEMBRO,8,2014,2,4,1
1062,2021-03-18,QUINTA,13,NOVEMBRO,8,2013,1,2,2
1063,2020-01-20,TERÇA,19,MAIO,8,2011,3,4,1
1064,2023-03-23,QUARTA,8,AGOSTO,4,2010,3,4,2
1065,2023-10-28,QUARTA,19,JUNHO,8,2014,6,4,1
1066,2021-06-13,SEGUNDA,18,FEVEREIRO,8,2011,4,3,1
1067,2023-04-04,SEXTA,28,NOVEMBRO,5,2020,6,3,1
1068,2022-07-14,SEXTA,26,MARÇO,9,2024,4,2,1
1069,2020-10-06,DOMINGO,19,ABRIL,5,2014,3,2,1
1070,2020-12-14,SEGUNDA,30,JULHO,1,2011,2,2,1
1071,2022-06-07,SÁBADO,29,JULHO,3,2012,5,2,1
1072,2022-12-03,QUARTA,5,JULHO,6,2024,6,2,2
1073,2023-12-29,TERÇA,11,SETEMPRO,7,2012,4,3,1
1074,2022-04-15,QUARTA,16,MARÇO,3,2016,2,3,1
1075,2022-03-04,DOMINGO,6,MAIO,10,2024,3,4,2
1076,2023-11-22,QUARTA,22,DEZEMBRO,6,2014,3,3,1
1077,2020-08-23,TERÇA,9,MARÇO,4,2022,1,3,1
1078,2020-11-24,SEXTA,14,MAIO,9,2018,4,3,2
1079,2022-10-14,QUARTA,18,JANEIRO,4,2024,3,2,1
1080,2021-01-13,TERÇA,10,OUTUBRO,6,2011,3,3,1
1081,2020-06-23,SÁBADO,8,JUNHO,8,2011,4,2,1
1082,2023-09-01,SEXTA,24,SETEMPRO,11,2013,4,1,2
1083,2023-03-24,QUARTA,10,AGOSTO,3,2017,3,2,1
1084,2020-05-15,SÁBADO,10,JUNHO,11,2020,2,2,1
1085,2021-09-27,DOMINGO,12,DEZEMBRO,9,2019,1,4,2
1086,2023-02-15,SEGUNDA,16,ABRIL,5,2025,2,2,1
1087,2021-01-08,QUINTA,7,JULHO,2,2011,1,3,1
1088,2023-12-05,SEXTA,29,MARÇO,5,2015,4,3,1
1089,2020-12-30,SEXTA,6,OUTUBRO,4,2019,5,4,1
1090,2021-12-02,DOMINGO,18,OUTUBRO,6,2014,3,4,1
1091,2023-09-30,TERÇA,25,FEVEREIRO,1,2022,4,2,2
1092,2021-06-14,QUARTA,1,MAIO,6,2020,4,3,1
1093,2021-05-20,TERÇA,25,JUNHO,9,2011,6,2,2
1094,2021-04-30,SEGUNDA,24,DEZEMBRO,10,2024,4,3,1
1095,2023-08-15,QUARTA,11,MARÇO,12,2010,3,1,1
1096,2021-01-23,TERÇA,26,SETEMPRO,3,2018,3,3,2
1097,2020-11-29,SÁBADO,22,MARÇO,10,2021,3,3,1
1098,2020-01-05,TERÇA,30,ABRIL,6,2019,5,4,2
1099,2023-09-15,SEGUNDA,4,OUTUBRO,5,2010,4,1,2
1100,2021-08-21,QUINTA,4,JANEIRO,6,2023,6,4,2
1101,2022-04-30,DOMINGO,7,DEZEMBRO,4,2012,5,2,2
1102,2022-09-02,SEGUNDA,27,DEZEMBRO,2,2016,2,3,1
1103,2021-03-06,QUINTA,28,OUTUBRO,4,2024,6,2,1
1104,2023-12-04,QUARTA,2,ABRIL,8,2010,2,2,1
1105,2022-10-31,QUARTA,3,JUNHO,7,2022,3,3,1
1106,2023-06-12,SEXTA,3,OUTUBRO,7,2011,4,3,1
1107,2021-02-05,QUINTA,15,JULHO,2,2017,1,2,2
1108,2023-06-23,QUINTA,24,DEZEMBRO,3,2016,6,2,2
1109,2020-02-06,DOMINGO,5,JANEIRO,6,2013,5,3,2
1110,2022-03-07,TERÇA,4,OUTUBRO,10,2016,3,2,2
1111,2023-12-18,TERÇA,27,JUNHO,11,2016,3,4,1
1112,2021-03-31,SÁBADO,11,JUNHO,6,2012,1,1,1
1113,2022-07-11,QUINTA,9,FEVEREIRO,12,2011,5,4,1
1114,2020-03-29,SÁBADO,20,AGOSTO,10,2021,3,1,2
1115,2023-07-16,SÁBADO,29,NOVEMBRO,6,2011,6,4,2
1116,2023-10-05,TERÇA,27,DEZEMBRO,5,2019,4,1,2
1117,2020-08-23,TERÇA,19,NOVEMBRO,8,2024,3,1,1
1118,2022-02-26,TERÇA,28,AGOSTO,4,2019,4,3,1
1119,2021-05-29,SEXTA,16,JULHO,7,2015,5,4,1
1120,2021-12-16,QUARTA,19,FEVEREIRO,8,2011,2,3,1
1121,2020-11-03,SEXTA,17,OUTUBRO,1,2020,6,1,2
1122,2022-02-25,SEGUNDA,25,JULHO,7,2021,3,1,1
1123,2020-07-24,DOMINGO,1,MAIO,2,2023,4,2,2
1124,2022-10-15,TERÇA,12,OUTUBRO,9,2017,3,3,2
1125,2023-12-25,SEXTA,7,JULHO,6,2020,5,2,2
1126,2021-01-02,DOMINGO,6,MARÇO,3,2012,6,2,1
1127,2022-02-21,TERÇA,15,ABRIL,5,2016,4,4,2
1128,2021-01-21,QUINTA,23,JULHO,4,2018,3,2,2
1129,2020-06-03,SÁBADO,27,SETEMPRO,11,2022,3,2,2
1130,2021-01-04,QUINTA,15,NOVEMBRO,4,2020,3,3,1
1131,2022-12-12,QUINTA,3,FEVEREIRO,8,2019,5,2,2
1132,2022-08-02,SEXTA,3,NOVEMBRO,5,2018,3,3,2
1133,2023-12-26,QUARTA,25,OUTUBRO,9,2013,2,3,1
1134,2020-04-13,QUINTA,7,ABRIL,9,2024,1,3,2
1135,2023-07-24,SÁBADO,8,ABRIL,8,2021,1,4,1
1136,2021-02-17,SEXTA,22,FEVEREIRO,2,2012,5,4,2
1137,2022-09-16,SEXTA,23,AGOSTO,8,2025,5,2,2
1138,2022-09-16,SÁBADO,3,MARÇO,9,2025,5,2,1
1139,2020-11-16,SEXTA,16,NOVEMBRO,6,2022,4,3,1
1140,2020-11-02,QUINTA,25,MARÇO,2,2010,2,3,1
1141,2022-12-12,SEXTA,20,FEVEREIRO,6,2012,4,4,2
1142,2022-12-02,QUINTA,29,DEZEMBRO,8,2011,3,3,2
1143,2020-01-25,SÁBADO,16,SETEMPRO,5,2021,3,2,2
1144,2022-02-13,TERÇA,18,ABRIL,3,2011,2,3,2
1145,2020-07-20,DOMINGO,28,MAIO,9,2010,3,3,2
1146,2023-07-10,QUINTA,25,DEZEMBRO,5,2022,1,3,1
1147,2022-07-22,DOMINGO,19,FEVEREIRO,8,2017,2,2,1
1148,2020-07-13,SEXTA,7,OUTUBRO,3,2017,3,3,2
1149,2021-05-09,SÁBADO,3,NOVEMBRO,2,2023,5,4,2
1150,2022-09-09,TERÇA,9,JUNHO,4,2025,5,2,2
1151,2020-02-24,SEXTA,17,SETEMPRO,12,2011,4,4,1
1152,2020-06-16,QUINTA,4,OUTUBRO,3,2020,6,3,1
1153,2021-12-17,TERÇA,3,JULHO,3,2022,5,1,1
1154,2022-01-24,TERÇA,23,SETEMPRO,8,2012,5,1,1
1155,2023-11-25,TERÇA,3,MARÇO,11,2010,5,3,1
1156,2021-09-11,SEXTA,3,JULHO,8,2025,5,4,2
1157,2023-04-23,SÁBADO,30,JANEIRO,11,2025,2,1,2
1158,2022-06-11,QUINTA,19,JULHO,1,2017,2,3,1
1159,2022-10-08,SEGUNDA,26,ABRIL,7,2020,4,1,2
1160,2023-01-16,TERÇA,14,FEVEREIRO,4,2010,2,2,1
1161,2021-09-21,SEXTA,7,JANEIRO,8,2018,5,4,2
1162,2021-01-13,TERÇA,6,MAIO,11,2011,3,3,2
1163,2023-10-02,SÁBADO,3,AGOSTO,7,2011,5,2,2
1164,2023-11-13,QUARTA,16,ABRIL,9,2010,5,4,2
1165,2023-04-25,SEXTA,20,SETEMPRO,1,2016,4,1,1
1166,2021-07-20,SÁBADO,21,OUTUBRO,2,2014,3,4,1
1167,2020-08-13,QUARTA,19,ABRIL,12,2018,3,3,1
1168,2023-09-21,QUARTA,12,JUNHO,10,2013,6,2,2
1169,2023-07-25,SÁBADO,13,JUNHO,4,2016,1,3,2
1170,2021-05-01,SEXTA,7,SETEMPRO,3,2014,5,3,1
1171,2021-02-05,SEGUNDA,4,MARÇO,9,2023,1,2,2
1172,2020-10-26,SEGUNDA,14,AGOSTO,4,2020,6,2,2
1173,2022-06-23,TERÇA,17,ABRIL,8,2019,4,1,2
1174,2022-12-07,QUINTA,23,AGOSTO,2,2017,3,2,1
1175,2023-02-24,QUINTA,30,SETEMPRO,6,2024,5,2,1
1176,2020-12-17,SÁBADO,22,JUNHO,3,2019,1,2,1
1177,2020-10-07,QUINTA,20,JULHO,10,2013,5,3,1
1178,2020-01-11,QUARTA,24,FEVEREIRO,1,2016,6,3,1
1179,2023-09-04,SEXTA,19,SETEMPRO,9,2020,3,1,1
1180,2021-05-14,SEXTA,10,MARÇO,9,2013,6,1,2
1181,2020-01-23,TERÇA,22,SETEMPRO,5,2023,1,3,1
1182,2021-01-19,TERÇA,29,ABRIL,5,2016,1,3,2
1183,2022-11-09,SEGUNDA,7,JANEIRO,2,2024,4,4,1
1184,2022-02-06,SEGUNDA,23,JUNHO,5,2023,4,2,1
1185,2020-08-26,SEXTA,14,MARÇO,10,2023,1,3,1
1186,2022-11-09,QUINTA,25,OUTUBRO,9,2020,2,2,2
1187,2023-12-01,QUINTA,31,FEVEREIRO,3,2022,2,2,2
1188,2020-11-12,SÁBADO,27,NOVEMBRO,8,2018,2,4,1
1189,2022-12-05,QUINTA,8,OUTUBRO,5,2021,3,1,1
1190,2021-01-06,SÁBADO,23,OUTUBRO,10,2015,2,2,2
1191,2021-08-22,SEGUNDA,20,OUTUBRO,6,2015,4,4,2
1192,2021-04-21,TERÇA,13,ABRIL,2,2016,1,4,2
1193,2022-08-09,SEXTA,18,MARÇO,3,2023,6,3,2
1194,2020-11-15,SÁBADO,29,SETEMPRO,1,2021,2,3,2
1195,2021-03-17,SÁBADO,27,FEVEREIRO,7,2023,3,4,1
1196,2020-12-31,QUINTA,21,FEVEREIRO,9,2010,6,4,2
1197,2022-05-19,QUARTA,27,ABRIL,8,2014,4,4,1
1198,2021-12-19,TERÇA,29,ABRIL,7,2011,3,3,2
1199,2020-02-07,QUARTA,2,FEVEREIRO,6,2016,2,2,1
1200,2023-01-07,QUINTA,21,MARÇO,3,2014,6,2,1
1201,2023-09-01,DOMINGO,1,SETEMPRO,5,2017,1,1,2
1202,2020-03-06,SÁBADO,23,FEVEREIRO,5,2024,6,3,1
1203,2023-08-27,SEXTA,1,MAIO,5,2015,3,3,1
1204,2023-05-18,SEGUNDA,6,JULHO,9,2017,2,4,2
1205,2022-03-20,TERÇA,19,DEZEMBRO,8,2018,1,2,1
1206,2022-09-17,SÁBADO,15,JANEIRO,11,2014,3,3,1
1207,2022-03-02,SEXTA,14,AGOSTO,6,2016,4,4,1
1208,2021-09-24,SÁBADO,29,ABRIL,7,2017,5,3,1
1209,2021-12-18,SEGUNDA,24,AGOSTO,4,2013,1,2,1
1210,2021-01-09,SEXTA,21,JUNHO,11,2020,2,3,1
1211,2021-09-23,SÁBADO,3,OUTUBRO,12,2010,3,4,1
1212,2020-10-19,QUARTA,14,OUTUBRO,4,2010,6,4,2
1213,2022-05-30,TERÇA,2,JUNHO,3,2019,5,2,2
1214,2021-02-21,SÁBADO,7,SETEMPRO,4,2014,2,3,1
1215,2020-03-15,SEXTA,2,SETEMPRO,4,2013,6,3,2
1216,2023-03-11,DOMINGO,6,OUTUBRO,3,2021,6,2,1
1217,2021-07-14,QUARTA,12,DEZEMBRO,2,2018,4,2,2
1218,2020-10-06,SEXTA,29,DEZEMBRO,10,2015,2,2,1
1219,2023-09-21,QUARTA,7,SETEMPRO,5,2015,2,3,2
1220,2023-05-19,SEXTA,5,MAIO,2,2023,6,2,1
1221,2023-10-12,DOMINGO,2,NOVEMBRO,11,2018,5,2,1
1222,2020-11-23,DOMINGO,30,OUTUBRO,6,2018,4,3,1
1223,2021-08-06,SÁBADO,2,JULHO,5,2010,4,3,1
1224,2020-03-18,QUINTA,19,MAIO,8,2024,5,1,1
1225,2020-01-02,SÁBADO,4,JULHO,3,2015,2,3,2
1226,2021-12-23,TERÇA,7,FEVEREIRO,10,2017,2,3,1
1227,2020-06-11,SÁBADO,3,DEZEMBRO,5,2013,6,4,2
1228,2023-03-28,SEGUNDA,2,SETEMPRO,6,2014,4,1,1
1229,2020-11-03,TERÇA,25,FEVEREIRO,11,2025,1,3,2
1230,2022-12-05,SÁBADO,17,OUTUBRO,10,2016,4,4,1
1231,2023-01-04,SÁBADO,12,MARÇO,6,2020,5,2,2
1232,2023-01-31,DOMINGO,26,JANEIRO,8,2016,2,3,1
1233,2023-11-07,QUINTA,27,FEVEREIRO,2,2022,4,2,2
1234,2023-08-15,QUARTA,6,NOVEMBRO,5,2021,3,4,1
1235,2022-07-15,SEXTA,7,SETEMPRO,4,2011,4,2,2
1236,2021-12-25,QUINTA,26,NOVEMBRO,1,2013,5,3,1
1237,2020-07-20,QUINTA,6,NOVEMBRO,12,2022,4,2,2
1238,2022-01-31,QUARTA,17,MARÇO,7,2018,4,4,2
1239,2021-02-27,SEXTA,17,NOVEMBRO,4,2015,3,1,2
1240,2020-12-18,QUARTA,27,SETEMPRO,6,2013,3,1,2
1241,2022-08-31,QUARTA,24,ABRIL,3,2024,4,2,2
1242,2020-03-16,SEXTA,30,NOVEMBRO,7,2014,3,3,1
1243,2020-04-24,DOMINGO,22,ABRIL,9,2021,5,4,2
1244,2020-06-21,TERÇA,13,MAIO,9,2016,5,2,1
1245,2022-03-25,SEXTA,25,SETEMPRO,10,2024,3,1,2
1246,2023-11-20,QUARTA,21,FEVEREIRO,11,2010,3,3,1
1247,2021-01-03,SEXTA,12,MAIO,2,2019,4,2,2
1248,2020-09-22,SEXTA,8,JULHO,3,2022,5,3,1
1249,2023-11-08,SÁBADO,9,NOVEMBRO,9,2022,3,4,2
1250,2021-08-03,QUINTA,13,NOVEMBRO,1,2014,2,4,1
1251,2023-01-02,TERÇA,13,NOVEMBRO,7,2020,4,2,2
1252,2023-10-29,SÁBADO,21,NOVEMBRO,7,2014,5,3,2
1253,2020-01-05,TERÇA,15,FEVEREIRO,6,2023,5,2,1
1254,2020-12-14,SEGUNDA,17,JULHO,2,2023,2,1,2
1255,2021-06-30,QUINTA,22,JUNHO,4,2021,3,3,2
1256,2022-03-05,QUARTA,26,SETEMPRO,5,2013,3,2,1
1257,2020-07-29,QUARTA,30,MARÇO,4,2012,6,2,1
1258,2023-02-06,SEGUNDA,19,FEVEREIRO,4,2010,6,4,1
1259,2020-01-31,SÁBADO,8,SETEMPRO,3,2020,1,3,1
1260,2023-09-06,QUINTA,30,DEZEMBRO,8,2024,2,3,1
1261,2020-06-11,QUINTA,27,MAIO,2,2013,3,3,2
1262,2020-08-27,SEXTA,22,NOVEMBRO,2,2021,5,4,2
1263,2022-11-30,SEGUNDA,22,FEVEREIRO,6,2024,5,3,1
1264,2022-08-05,SEXTA,7,FEVEREIRO,8,2024,3,4,2
1265,2022-02-17,QUARTA,29,SETEMPRO,6,2010,4,1,1
1266,2020-07-13,SÁBADO,25,MARÇO,10,2010,4,3,2
1267,2020-06-05,TERÇA,14,ABRIL,10,2019,5,4,2
1268,2022-03-24,QUINTA,10,DEZEMBRO,11,2012,2,4,2
1269,2022-03-14,QUINTA,8,MAIO,9,2023,4,2,2
1270,2020-04-04,TERÇA,21,JANEIRO,11,2014,5,2,2
1271,2023-02-12,TERÇA,4,JULHO,8,2024,2,2,2
1272,2020-01-25,QUARTA,18,JULHO,11,2014,2,1,1
1273,2020-02-07,SEXTA,17,SETEMPRO,5,2010,3,3,2
1274,2021-07-18,QUARTA,24,DEZEMBRO,4,2017,4,1,2
1275,2021-02-07,SEXTA,7,OUTUBRO,6,2021,5,2,2
1276,2023-12-09,QUARTA,15,MAIO,11,2020,4,4,1
1277,2020-05-30,SEXTA,4,AGOSTO,8,2012,2,2,2
1278,2021-12-16,SÁBADO,21,MARÇO,4,2011,4,1,2
1279,2021-02-19,QUARTA,27,DEZEMBRO,3,2013,4,3,1
1280,2020-11-09,QUARTA,27,JUNHO,12,2015,3,1,2
1281,2023-08-07,SÁBADO,19,OUTUBRO,6,2024,3,3,1
1282,2021-03-07,SEXTA,19,ABRIL,11,2019,2,2,1
1283,2020-04-22,SEXTA,8,NOVEMBRO,7,2020,3,3,1
1284,2023-06-25,TERÇA,10,AGOSTO,9,2016,3,2,1
1285,2022-04-04,SÁBADO,3,JANEIRO,9,2024,1,4,2
1286,2021-06-06,DOMINGO,12,SETEMPRO,4,2020,1,2,1
1287,2021-07-10,SÁBADO,13,MARÇO,5,2012,1,4,1
1288,2021-11-18,SEXTA,25,DEZEMBRO,6,2013,3,2,1
1289,2021-10-27,SÁBADO,21,JUNHO,5,2017,3,1,1
1290,2022-12-02,SÁBADO,5,AGOSTO,11,2025,3,3,2
1291,2022-01-21,SEXTA,6,FEVEREIRO,2,2015,3,2,1
1292,2021-05-16,QUARTA,20,JUNHO,6,2019,5,1,1
1293,2023-12-09,QUARTA,13,JULHO,11,2014,2,3,1
1294,2020-08-29,QUINTA,25,OUTUBRO,11,2011,1,2,1
1295,2022-01-12,SÁBADO,22,ABRIL,8,2014,1,1,1
1296,2021-01-26,SEGUNDA,28,FEVEREIRO,8,2016,2,2,1
1297,2023-09-07,DOMINGO,2,AGOSTO,2,2016,6,3,2
1298,2021-03-26,TERÇA,8,JUNHO,5,2011,5,2,2
1299,2020-05-16,QUARTA,5,ABRIL,11,2023,5,2,1
1300,2021-07-22,SÁBADO,14,NOVEMBRO,8,2025,3,2,1
1301,2021-02-10,QUARTA,11,MARÇO,11,2018,3,3,1
1302,2023-03-13,SEXTA,10,MAIO,3,2020,6,2,1
1303,2020-09-08,TERÇA,23,JUNHO,7,2015,1,4,2
1304,2021-09-14,QUARTA,26,SETEMPRO,12,2010,5,2,1
1305,2020-08-21,SEGUNDA,6,SETEMPRO,3,2012,6,2,2
1306,2021-10-01,QUINTA,24,JANEIRO,4,2019,3,2,1
1307,2022-02-19,SEXTA,20,SETEMPRO,1,2019,5,1,1
1308,2021-03-20,QUARTA,30,MAIO,7,2016,3,3,1
1309,2023-12-20,TERÇA,15,OUTUBRO,9,2023,2,3,2
1310,2023-05-31,SEXTA,26,ABRIL,5,2015,3,3,1
1311,2022-06-10,SEXTA,9,MARÇO,6,2021,4,3,1
1312,2020-03-05,TERÇA,20,MAIO,8,2020,5,3,1
1313,2022-12-23,QUINTA,11,JANEIRO,6,2022,4,2,2
1314,2021-10-17,QUINTA,16,JULHO,9,2012,5,3,2
1315,2020-10-23,DOMINGO,29,JULHO,3,2015,2,2,1
1316,2021-03-01,QUARTA,13,AGOSTO,4,2016,3,2,1
1317,2020-07-24,QUARTA,15,ABRIL,3,2024,6,1,1
1318,2021-02-20,QUINTA,24,OUTUBRO,8,2024,2,2,2
1319,2023-05-12,SEGUNDA,5,OUTUBRO,3,2018,4,3,2
1320,2020-09-19,SEXTA,8,JULHO,9,2014,2,3,1
1321,2021-03-20,DOMINGO,12,ABRIL,12,2013,5,2,2
1322,2022-06-12,SÁBADO,3,JULHO,3,2016,4,4,1
1323,2021-02-26,QUINTA,27,JULHO,7,2011,6,2,2
1324,2023-02-18,SEGUNDA,8,DEZEMBRO,4,2011,3,3,2
1325,2021-01-04,QUARTA,29,JANEIRO,10,2012,3,3,2
1326,2021-10-25,QUINTA,6,MARÇO,6,2023,6,3,1
1327,2022-07-16,SÁBADO,30,FEVEREIRO,11,2017,6,1,1
1328,2022-10-02,SEXTA,23,JUNHO,3,2019,4,2,2
1329,2021-04-26,SÁBADO,1,OUTUBRO,2,2010,2,4,1
1330,2023-05-03,QUINTA,29,SETEMPRO,10,2010,5,1,2
1331,2023-11-01,QUINTA,1,JUNHO,11,2017,6,3,1
1332,2022-11-29,SÁBADO,3,ABRIL,5,2013,3,2,2
1333,2020-05-13,QUINTA,3,JUNHO,6,2024,4,4,1
1334,2020-05-18,SEXTA,18,MAIO,6,2025,4,4,2
1335,2021-08-24,TERÇA,31,ABRIL,8,2017,2,1,1
1336,2021-03-12,DOMINGO,4,NOVEMBRO,11,2020,1,3,2
1337,2022-10-14,TERÇA,25,AGOSTO,5,2010,3,1,1
1338,2022-02-01,SÁBADO,28,SETEMPRO,11,2020,1,3,2
1339,2020-08-19,SEGUNDA,2,AGOSTO,9,2019,2,1,1
1340,2021-01-02,QUINTA,8,JULHO,12,2014,5,3,1
1341,2023-06-18,SEXTA,25,OUTUBRO,7,2015,3,2,2
1342,2022-01-07,QUARTA,19,MAIO,7,2010,2,3,2
1343,2021-09-12,QUARTA,14,SETEMPRO,10,2012,3,3,2
1344,2022-05-23,QUINTA,5,ABRIL,12,2021,3,3,1
1345,2020-08-05,QUINTA,18,ABRIL,9,2014,4,2,1
1346,2023-09-15,QUINTA,4,JANEIRO,1,2023,4,4,2
1347,2022-04-04,TERÇA,13,ABRIL,6,2014,4,2,2
1348,2020-06-17,TERÇA,5,MAIO,7,2023,1,3,2
1349,2020-05-23,SEXTA,7,AGOSTO,9,2014,6,2,2
1350,2023-08-02,QUINTA,7,OUTUBRO,4,2024,3,3,2
1351,2022-11-20,QUARTA,19,ABRIL,10,2020,3,1,1
1352,2021-06-29,TERÇA,21,MARÇO,8,2022,2,2,2
1353,2020-04-15,TERÇA,13,JULHO,10,2018,5,1,1
1354,2020-10-20,QUARTA,12,OUTUBRO,9,2025,3,3,1
1355,2020-12-10,QUINTA,24,JULHO,11,2025,3,1,1
1356,2021-11-01,SEXTA,18,FEVEREIRO,9,2024,1,2,1
1357,2023-06-11,QUINTA,4,DEZEMBRO,7,2018,5,4,1
1358,2022-09-25,SEGUNDA,23,MARÇO,7,2016,2,4,2
1359,2021-05-08,SÁBADO,4,JULHO,7,2025,3,1,2
1360,2022-09-13,SÁBADO,9,JUNHO,3,2025,4,4,1
1361,2021-02-13,QUINTA,25,NOVEMBRO,2,2020,3,3,2
1362,2022-11-19,QUARTA,2,JUNHO,9,2022,2,1,2
1363,2020-09-02,DOMINGO,4,FEVEREIRO,1,2022,2,1,1
1364,2023-08-02,SEGUNDA,28,JULHO,9,2022,5,2,2
1365,2021-12-31,SEGUNDA,15,SETEMPRO,7,2019,5,3,1
1366,2022-07-11,QUINTA,13,ABRIL,4,2019,6,3,2
1367,2021-11-28,SEXTA,18,NOVEMBRO,2,2019,2,2,2
1368,2022-08-27,SÁBADO,27,JANEIRO,6,2017,5,2,1
1369,2023-08-09,QUARTA,20,JUNHO,8,2023,2,3,1
1370,2021-03-02,TERÇA,17,FEVEREIRO,8,2019,3,3,1
1371,2021-03-08,SÁBADO,10,OUTUBRO,6,2013,6,2,2
1372,2023-04-16,QUARTA,28,OUTUBRO,3,2016,2,3,1
1373,2020-08-25,QUARTA,2,AGOSTO,4,2025,1,3,1
1374,2021-11-24,SEXTA,22,ABRIL,8,2025,6,4,2
1375,2020-09-10,SEXTA,28,AGOSTO,2,2016,1,2,1
1376,2022-06-29,SEGUNDA,27,AGOSTO,4,2021,4,3,1
1377,2021-08-28,SEGUNDA,13,ABRIL,4,2013,6,1,1
1378,2023-10-22,QUINTA,4,JANEIRO,12,2020,4,3,1
1379,2021-04-21,SÁBADO,2,ABRIL,5,2011,1,2,2
1380,2021-08-25,SÁBADO,14,MARÇO,3,2013,1,3,2
1381,2021-03-17,QUARTA,21,JULHO,9,2010,2,2,1
1382,2021-01-16,QUARTA,25,MAIO,7,2023,2,1,1
1383,2022-09-01,QUARTA,16,ABRIL,3,2022,2,3,2
1384,2022-11-14,DOMINGO,10,AGOSTO,10,2022,3,3,1
1385,2023-01-06,SÁBADO,20,JUNHO,10,2011,6,1,2
1386,2023-02-04,SEXTA,17,JULHO,8,2020,6,4,1
1387,2022-03-08,SEGUNDA,30,OUTUBRO,3,2012,2,3,2
1388,2023-01-07,QUARTA,15,OUTUBRO,7,2020,2,4,2
1389,2022-01-01,SEGUNDA,16,AGOSTO,3,2024,5,2,1
1390,2022-11-09,SÁBADO,3,OUTUBRO,2,2017,1,3,1
1391,2020-04-28,TERÇA,16,MARÇO,8,2019,5,2,1
1392,2022-03-28,DOMINGO,6,JULHO,6,2010,5,3,1
1393,2022-11-21,QUINTA,13,OUTUBRO,10,2013,5,2,1
1394,2022-07-27,QUARTA,8,NOVEMBRO,6,2017,4,3,2
1395,2022-04-08,SÁBADO,20,JANEIRO,4,2023,2,4,1
1396,2023-10-24,TERÇA,6,JULHO,10,2016,5,3,2
1397,2021-03-17,DOMINGO,16,FEVEREIRO,11,2023,3,3,1
1398,2023-07-30,SEXTA,8,JANEIRO,6,2017,4,3,1
1399,2022-02-19,SEXTA,12,FEVEREIRO,1,2010,5,3,2
1400,2020-09-28,QUARTA,8,MARÇO,6,2019,5,3,2
1401,2020-05-13,SÁBADO,13,SETEMPRO,3,2014,5,1,2
1402,2023-09-22,SEXTA,14,MAIO,12,2017,5,3,1
1403,2023-11-27,SÁBADO,30,ABRIL,9,2017,4,1,1
1404,2023-01-12,SÁBADO,2,MARÇO,5,2024,2,4,1
1405,2022-10-18,QUINTA,26,OUTUBRO,12,2014,3,2,2
1406,2023-03-22,QUINTA,4,DEZEMBRO,7,2017,5,3,1
1407,2022-06-28,SEGUNDA,30,NOVEMBRO,1,2013,5,4,2
1408,2023-10-14,QUINTA,16,ABRIL,1,2022,5,1,1
1409,2020-07-30,QUARTA,7,AGOSTO,8,2012,2,2,1
1410,2020-06-08,QUINTA,21,OUTUBRO,2,2021,4,2,1
1411,2020-12-31,SÁBADO,23,FEVEREIRO,7,2010,1,2,2
1412,2021-05-24,SEXTA,26,NOVEMBRO,10,2018,2,3,1
1413,2023-06-06,QUARTA,24,ABRIL,2,2024,4,3,1
1414,2022-04-27,SÁBADO,5,FEVEREIRO,3,2016,1,2,1
1415,2023-12-23,TERÇA,2,ABRIL,7,2010,1,1,2
1416,2022-02-27,SEXTA,18,ABRIL,3,2016,5,2,1
1417,2021-06-06,SEGUNDA,1,MARÇO,2,2017,5,3,1
1418,2023-06-24,SEXTA,10,MAIO,8,2013,5,2,1
1419,2021-12-08,SEXTA,12,MARÇO,7,2021,3,2,1
1420,2023-02-28,DOMINGO,30,DEZEMBRO,8,2015,1,3,1
1421,2020-03-30,QUARTA,16,FEVEREIRO,2,2013,4,3,2
1422,2023-03-28,SEXTA,15,AGOSTO,4,2011,4,2,1
1423,2022-12-06,SÁBADO,4,SETEMPRO,9,2015,4,1,2
1424,2023-04-04,SÁBADO,4,ABRIL,11,2020,1,1,1
1425,2021-08-25,QUARTA,18,ABRIL,1,2020,2,2,2
1426,2021-01-22,SEGUNDA,8,OUTUBRO,1,2018,5,2,2
1427,2022-09-22,SÁBADO,7,NOVEMBRO,6,2019,3,3,2
1428,2022-12-08,QUINTA,31,MARÇO,5,2015,4,3,1
1429,2023-07-06,SEXTA,4,NOVEMBRO,7,2024,2,1,2
1430,2023-09-01,QUARTA,14,NOVEMBRO,3,2020,2,2,2
1431,2021-04-03,QUARTA,25,DEZEMBRO,9,2014,4,3,1
1432,2023-07-17,SEGUNDA,14,JUNHO,10,2020,5,3,2
1433,2020-03-20,SEXTA,25,NOVEMBRO,4,2017,2,2,1
1434,2023-02-03,SÁBADO,25,JANEIRO,2,2017,5,3,2
1435,2023-03-28,TERÇA,8,MAIO,10,2016,5,3,2
1436,2022-05-01,SÁBADO,27,SETEMPRO,8,2015,2,3,2
1437,2020-10-09,QUARTA,24,FEVEREIRO,5,2021,2,1,2
1438,2021-10-23,QUINTA,13,MAIO,2,2020,4,1,1
1439,2022-01-09,DOMINGO,3,JANEIRO,10,2011,2,2,1
1440,2021-01-21,QUINTA,14,ABRIL,4,2023,5,2,1
1441,2022-07-16,QUINTA,19,SETEMPRO,4,2018,1,1,2
1442,2021-02-04,SÁBADO,17,NOVEMBRO,6,2021,4,1,1
1443,2023-10-10,SEGUNDA,12,JUNHO,5,2020,3,3,2
1444,2020-02-11,SÁBADO,25,DEZEMBRO,11,2022,2,2,1
1445,2022-03-11,QUARTA,3,JANEIRO,12,2013,2,2,2
1446,2021-12-06,DOMINGO,16,AGOSTO,4,2023,4,2,1
1447,2022-02-22,SÁBADO,22,JANEIRO,2,2023,3,4,2
1448,2023-04-14,QUINTA,16,DEZEMBRO,7,2011,6,3,2
1449,2022-05-16,QUARTA,7,FEVEREIRO,5,2025,4,3,2
1450,2020-01-30,TERÇA,5,MARÇO,10,2020,2,3,1
1451,2021-11-19,DOMINGO,19,FEVEREIRO,11,2010,6,2,2
1452,2020-05-24,SEGUNDA,8,SETEMPRO,6,2019,1,3,2
1453,2023-09-10,QUINTA,22,JULHO,5,2010,5,2,2
1454,2023-08-28,SÁBADO,10,OUTUBRO,8,2013,6,2,2
1455,2022-06-02,SEGUNDA,13,SETEMPRO,10,2025,2,3,2
1456,2020-01-09,SEXTA,9,FEVEREIRO,7,2014,4,3,1
1457,2022-07-14,QUARTA,20,ABRIL,11,2020,3,1,1
1458,2022-05-03,TERÇA,28,NOVEMBRO,10,2023,3,3,1
1459,2020-04-21,SÁBADO,4,JUNHO,8,2019,1,2,1
1460,2022-09-25,QUINTA,11,JUNHO,12,2013,2,3,1
1461,2022-01-01,TERÇA,5,JUNHO,9,2023,2,2,1
1462,2021-04-18,SEXTA,27,NOVEMBRO,6,2024,4,1,1
1463,2021-12-23,QUARTA,5,NOVEMBRO,2,2022,5,3,1
1464,2020-05-04,SEXTA,6,SETEMPRO,4,2011,4,1,2
1465,2022-04-03,TERÇA,15,ABRIL,3,2020,4,2,2
1466,2020-09-26,QUARTA,26,JUNHO,5,2016,6,2,2
1467,2021-10-01,SEGUNDA,11,JUNHO,5,2024,2,3,2
1468,2020-11-19,SÁBADO,22,JULHO,3,2020,2,4,1
1469,2020-10-02,QUINTA,30,MARÇO,2,2014,6,3,2
1470,2020-05-10,QUINTA,1,MAIO,2,2025,3,2,2
1471,2022-11-06,QUINTA,10,MAIO,8,2020,3,2,2
1472,2022-04-07,DOMINGO,19,JULHO,8,2022,4,2,1
1473,2022-03-20,QUINTA,6,DEZEMBRO,11,2024,5,3,2
1474,2022-12-15,QUINTA,27,FEVEREIRO,3,2024,2,2,1
1475,2022-07-26,SEGUNDA,2,DEZEMBRO,2,2024,2,3,1
1476,2020-01-08,QUINTA,18,ABRIL,2,2020,6,2,2
1477,2023-01-28,QUARTA,20,FEVEREIRO,8,2024,5,1,2
1478,2021-11-16,QUINTA,23,SETEMPRO,9,2011,3,2,1
1479,2023-11-05,SÁBADO,24,OUTUBRO,10,2016,5,2,1
1480,2023-09-14,SÁBADO,5,NOVEMBRO,1,2018,4,2,1
1481,2023-01-06,SEXTA,30,JUNHO,11,2020,4,3,2
1482,2021-04-06,QUARTA,12,OUTUBRO,11,2023,1,2,2
1483,2021-09-25,TERÇA,14,NOVEMBRO,8,2013,2,1,1
1484,2021-12-30,QUINTA,22,JUNHO,2,2024,1,1,2
1485,2021-04-26,SEXTA,8,OUTUBRO,4,2021,2,4,1
1486,2022-04-06,QUINTA,20,AGOSTO,10,2024,5,2,2
1487,2020-03-25,TERÇA,16,AGOSTO,12,2010,3,1,2
1488,2023-08-24,SEXTA,27,MAIO,5,2016,5,4,1
1489,2020-01-10,TERÇA,19,JUNHO,8,2018,2,1,2
1490,2023-11-15,SEGUNDA,29,MAIO,8,2021,2,2,2
1491,2023-04-24,DOMINGO,3,JUNHO,9,2014,5,2,2
1492,2021-03-10,SÁBADO,23,DEZEMBRO,9,2017,2,2,2
1493,2020-11-10,QUINTA,23,SETEMPRO,5,2012,2,1,2
1494,2021-12-09,SEXTA,23,JANEIRO,8,2012,4,3,1
1495,2023-12-12,QUARTA,20,MARÇO,10,2018,4,3,2
1496,2023-11-11,TERÇA,6,SETEMPRO,3,2017,4,4,1
1497,2023-05-27,QUARTA,5,OUTUBRO,8,2010,2,2,1
1498,2020-08-13,QUINTA,9,MAIO,11,2019,2,4,2
1499,2021-12-09,SEXTA,4,MAIO,10,2016,4,3,2
1500,2022-09-06,SÁBADO,1,JULHO,2,2021,3,4,2
1501,2023-03-26,SÁBADO,20,JULHO,9,2023,5,2,2
1502,2022-10-04,SÁBADO,11,JUNHO,5,2015,5,2,2
1503,2021-08-22,SÁBADO,4,ABRIL,6,2025,4,2,1
1504,2020-05-25,SÁBADO,31,OUTUBRO,4,2019,1,4,2
1505,2021-02-05,SEXTA,25,JUNHO,9,2012,3,2,2
1506,2023-12-23,SEGUNDA,7,AGOSTO,11,2013,2,2,1
1507,2023-07-10,SEXTA,22,NOVEMBRO,11,2013,2,4,1
1508,2022-06-17,SEXTA,31,NOVEMBRO,5,2017,6,3,2
1509,2022-04-22,SÁBADO,29,FEVEREIRO,10,2017,4,4,2
1510,2020-12-23,DOMINGO,14,MARÇO,10,2024,3,1,2
1511,2022-10-06,SEXTA,12,FEVEREIRO,10,2025,3,4,1
1512,2021-04-14,QUARTA,9,FEVEREIRO,11,2021,2,2,2
1513,2020-11-17,QUARTA,5,NOVEMBRO,6,2019,1,2,2
1514,2022-07-08,SEXTA,26,SETEMPRO,6,2025,1,4,2
1515,2021-12-16,DOMINGO,21,AGOSTO,7,2017,4,1,2
1516,2023-12-14,SÁBADO,7,ABRIL,10,2017,5,3,1
1517,2020-04-18,TERÇA,9,MARÇO,1,2020,5,3,2
1518,2023-12-22,DOMINGO,2,OUTUBRO,1,2022,2,3,1
1519,2021-01-06,QUINTA,13,JUNHO,11,2019,2,1,1
1520,2020-04-20,SEGUNDA,6,OUTUBRO,4,2018,2,2,1
1521,2023-05-01,QUARTA,15,SETEMPRO,11,2024,4,4,1
1522,2022-01-29,QUARTA,26,MAIO,4,2024,2,4,2
1523,2021-08-20,QUINTA,29,FEVEREIRO,4,2019,5,4,2
1524,2021-03-10,QUARTA,7,NOVEMBRO,10,2013,2,4,1
1525,2023-07-10,DOMINGO,3,OUTUBRO,2,2010,3,4,1
1526,2023-10-04,SEXTA,9,ABRIL,11,2016,2,2,1
1527,2022-03-11,QUINTA,29,NOVEMBRO,5,2021,5,3,2
1528,2023-03-19,QUINTA,2,MARÇO,9,2022,2,2,2
1529,2023-01-01,SEXTA,4,MAIO,4,2021,4,3,1
1530,2021-09-05,QUARTA,1,OUTUBRO,4,2017,3,3,2
1531,2023-05-14,QUARTA,7,AGOSTO,4,2016,4,2,1
1532,2023-12-25,QUARTA,20,MARÇO,1,2024,4,4,2
1533,2023-12-22,SEXTA,22,AGOSTO,8,2010,5,2,2
1534,2022-01-25,SEXTA,30,ABRIL,9,2018,4,3,1
1535,2022-08-30,QUARTA,4,SETEMPRO,10,2019,3,2,1
1536,2022-07-10,QUARTA,20,JANEIRO,6,2014,5,4,1
1537,2023-07-13,DOMINGO,29,JULHO,12,2025,5,1,2
1538,2020-10-27,TERÇA,7,NOVEMBRO,6,2016,5,3,1
1539,2022-11-13,SÁBADO,18,MAIO,6,2021,2,3,1
1540,2023-12-08,QUARTA,19,JANEIRO,2,2022,3,2,1
1541,2023-11-17,SÁBADO,26,JANEIRO,3,2014,4,2,2
1542,2022-10-15,SEXTA,22,JULHO,2,2012,2,3,2
1543,2022-01-19,SEXTA,26,MARÇO,1,2023,1,1,2
1544,2023-07-20,SÁBADO,2,JULHO,1,2024,3,4,1
1545,2022-08-07,SEXTA,25,JULHO,3,2025,5,2,2
1546,2021-04-27,DOMINGO,5,AGOSTO,9,2021,5,3,2
1547,2020-08-12,DOMINGO,12,AGOSTO,8,2022,5,4,1
1548,2023-04-11,DOMINGO,12,ABRIL,3,2015,4,1,1
1549,2023-06-05,SEXTA,8,OUTUBRO,5,2018,2,3,2
1550,2022-11-27,DOMINGO,1,JULHO,2,2023,2,4,2
1551,2021-01-24,TERÇA,9,MARÇO,4,2011,5,2,2
1552,2023-07-04,QUINTA,26,JANEIRO,8,2014,3,2,1
1553,2022-07-22,QUINTA,28,JULHO,12,2012,6,2,2
1554,2023-04-22,TERÇA,24,NOVEMBRO,6,2010,6,2,1
1555,2023-03-28,TERÇA,10,SETEMPRO,4,2012,4,2,1
1556,2023-07-20,TERÇA,9,ABRIL,4,2021,5,3,1
1557,2023-02-26,SEXTA,5,JULHO,7,2016,6,4,2
1558,2021-02-15,SEGUNDA,28,OUTUBRO,11,2019,2,2,2
1559,2023-05-16,QUARTA,29,AGOSTO,6,2018,5,3,1
1560,2020-04-25,QUINTA,8,FEVEREIRO,10,2015,5,3,2
1561,2023-04-27,QUINTA,5,OUTUBRO,10,2010,1,2,1
1562,2020-02-03,SEXTA,20,OUTUBRO,4,2019,4,2,1
1563,2020-04-01,SÁBADO,2,ABRIL,2,2019,2,3,1
1564,2023-06-20,SÁBADO,3,JUNHO,10,2017,1,3,2
1565,2021-01-27,TERÇA,6,MARÇO,6,2025,6,1,2
1566,2021-03-26,SEXTA,23,NOVEMBRO,3,2016,2,3,1
1567,2021-08-09,QUINTA,7,NOVEMBRO,3,2017,4,3,1
1568,2020-05-30,QUINTA,25,NOVEMBRO,11,2011,3,4,2
1569,2022-07-07,QUARTA,19,MAIO,4,2017,4,3,1
1570,2022-11-25,QUARTA,22,MARÇO,3,2019,2,1,1
1571,2020-12-16,DOMINGO,24,SETEMPRO,8,2025,4,3,1
1572,2021-01-06,SÁBADO,17,JUNHO,8,2023,3,2,1
1573,2022-06-30,QUARTA,20,MARÇO,2,2011,2,3,1
1574,2020-10-03,SEXTA,14,MAIO,3,2023,4,4,1
1575,2023-08-28,TERÇA,3,JUNHO,2,2020,2,3,1
1576,2021-03-26,QUINTA,12,MAIO,11,2013,5,1,2
1577,2022-04-01,TERÇA,8,FEVEREIRO,9,2025,5,3,1
1578,2023-08-08,SEGUNDA,19,FEVEREIRO,3,2015,5,1,1
1579,2020-04-03,DOMINGO,16,MARÇO,3,2013,1,4,2
1580,2022-08-24,DOMINGO,17,FEVEREIRO,10,2019,5,3,1
1581,2023-08-14,QUARTA,31,ABRIL,2,2016,6,4,2
1582,2020-06-15,QUARTA,17,JANEIRO,10,2020,6,3,1
1583,2020-03-03,QUINTA,11,NOVEMBRO,7,2014,6,3,2
1584,2021-11-05,SEGUNDA,5,ABRIL,3,2021,4,2,2
1585,2022-12-24,SÁBADO,3,MARÇO,9,2012,3,3,2
1586,2023-01-20,SEGUNDA,23,ABRIL,4,2016,4,2,1
1587,2021-09-13,QUINTA,28,AGOSTO,4,2017,4,2,1
1588,2022-01-30,TERÇA,24,AGOSTO,7,2013,1,1,2
1589,2021-05-08,DOMINGO,15,MAIO,7,2016,4,3,1
1590,2021-09-24,SEGUNDA,28,JULHO,9,2010,2,2,2
1591,2022-01-18,SEGUNDA,8,ABRIL,8,2010,4,1,1
1592,2022-06-26,TERÇA,4,JUNHO,12,2019,1,4,1
1593,2020-06-07,QUARTA,27,OUTUBRO,9,2018,3,4,2
1594,2021-04-19,SEXTA,16,JULHO,2,2020,5,2,2
1595,2023-10-02,QUARTA,9,SETEMPRO,7,2024,4,2,2
1596,2020-11-10,TERÇA,3,SETEMPRO,5,2011,3,3,2
1597,2023-08-08,QUARTA,16,JULHO,3,2020,3,3,2
1598,2023-01-18,SÁBADO,31,MARÇO,7,2012,2,3,1
1599,2023-01-03,QUARTA,23,JULHO,9,2021,3,2,1
1600,2020-12-18,TERÇA,11,SETEMPRO,9,2014,2,2,2
1601,2023-09-08,TERÇA,29,FEVEREIRO,9,2010,6,3,2
1602,2021-04-22,TERÇA,27,NOVEMBRO,1,2017,5,2,2
1603,2021-03-28,SÁBADO,17,AGOSTO,9,2012,3,4,1
1604,2021-11-10,QUINTA,25,NOVEMBRO,2,2025,3,3,1
1605,2021-03-10,TERÇA,27,AGOSTO,1,2023,2,4,1
1606,2021-08-24,SÁBADO,23,MAIO,9,2016,5,2,1
1607,2021-03-21,SEXTA,1,ABRIL,3,2017,4,2,1
1608,2023-03-11,QUARTA,5,NOVEMBRO,5,2020,6,3,1
1609,2020-03-08,SEXTA,24,OUTUBRO,6,2014,2,4,1
1610,2022-06-03,TERÇA,14,AGOSTO,3,2022,3,3,2
1611,2020-04-20,SEXTA,15,ABRIL,5,2021,6,3,1
1612,2021-04-26,SÁBADO,12,MAIO,8,2024,2,2,1
1613,2023-09-06,SEXTA,28,JANEIRO,5,2024,5,4,2
1614,2023-10-31,QUINTA,30,AGOSTO,2,2011,6,3,1
1615,2022-03-30,SEXTA,29,AGOSTO,1,2014,4,1,1
1616,2022-09-02,QUARTA,19,ABRIL,2,2011,6,3,2
1617,2022-01-19,SÁBADO,10,JANEIRO,10,2010,3,3,1
1618,2020-01-30,SEXTA,17,JUNHO,7,2020,4,4,1
1619,2020-10-28,DOMINGO,6,MAIO,9,2021,4,1,2
1620,2022-04-30,TERÇA,12,JULHO,8,2020,4,3,2
1621,2020-08-27,SEGUNDA,20,ABRIL,11,2014,4,2,1
1622,2023-07-07,TERÇA,6,SETEMPRO,1,2018,6,1,2
1623,2023-06-26,QUARTA,14,ABRIL,11,2010,3,3,2
1624,2021-12-20,SEXTA,18,JUNHO,12,2020,3,4,2
1625,2023-03-24,SÁBADO,21,NOVEMBRO,10,2020,3,3,1
1626,2023-06-22,SEXTA,6,DEZEMBRO,10,2013,3,3,2
1627,2023-02-25,QUINTA,11,JULHO,12,2015,5,2,1
1628,2020-02-18,QUINTA,6,AGOSTO,5,2023,5,3,2
1629,2022-11-08,SÁBADO,31,ABRIL,7,2020,5,1,1
1630,2021-03-31,DOMINGO,16,FEVEREIRO,4,2024,4,1,1
1631,2020-07-31,QUINTA,27,JULHO,11,2017,3,4,2
1632,2022-08-07,QUARTA,15,AGOSTO,8,2021,6,4,2
1633,2020-04-30,QUINTA,3,JULHO,9,2016,2,2,2
1634,2021-04-06,SEXTA,29,MARÇO,2,2021,3,3,1
1635,2023-05-02,SÁBADO,12,DEZEMBRO,2,2018,3,3,1
1636,2023-04-12,SÁBADO,19,OUTUBRO,5,2017,3,3,1
1637,2020-10-01,SEXTA,4,SETEMPRO,6,2016,3,4,2
1638,2020-05-19,QUINTA,23,MAIO,9,2018,3,1,2
1639,2023-06-16,QUARTA,19,NOVEMBRO,7,2018,4,2,1
1640,2022-01-25,SEXTA,29,OUTUBRO,3,2020,2,4,2
1641,2020-11-08,SEXTA,19,MAIO,1,2016,5,3,1
1642,2020-03-28,QUARTA,3,MAIO,10,2019,3,4,2
1643,2020-01-06,TERÇA,29,MAIO,11,2020,5,2,2
1644,2020-09-09,SÁBADO,29,MARÇO,10,2023,5,3,2
1645,2023-02-13,SEXTA,16,JULHO,10,2016,5,1,1
1646,2020-01-27,SEGUNDA,7,MAIO,8,2019,1,3,2
1647,2022-06-03,SÁBADO,10,JANEIRO,3,2025,5,2,2
1648,2020-07-04,SEXTA,15,ABRIL,7,2017,2,2,2
1649,2022-10-08,SÁBADO,21,SETEMPRO,3,2013,4,3,1
1650,2021-02-20,SEGUNDA,31,OUTUBRO,4,2025,4,2,1
1651,2021-02-27,SEXTA,26,MAIO,11,2010,3,3,1
1652,2021-04-25,SEGUNDA,30,MARÇO,5,2022,5,4,1
1653,2023-05-29,TERÇA,21,OUTUBRO,3,2010,4,2,2
1654,2020-02-16,SÁBADO,19,NOVEMBRO,2,2012,3,4,2
1655,2021-04-11,SÁBADO,21,FEVEREIRO,4,2011,6,3,2
1656,2020-01-05,QUINTA,9,JULHO,10,2019,3,2,2
1657,2020-01-20,SEGUNDA,7,MARÇO,9,2017,3,2,1
1658,2022-06-16,QUINTA,8,AGOSTO,8,2016,4,1,2
1659,2021-08-18,TERÇA,31,MARÇO,9,2019,3,3,1
1660,2022-04-29,QUINTA,9,MARÇO,9,2015,2,2,2
1661,2023-07-15,QUINTA,27,MAIO,7,2020,4,4,1
1662,2022-11-29,TERÇA,24,AGOSTO,3,2020,2,3,2
1663,2020-07-08,SÁBADO,8,DEZEMBRO,10,2023,6,2,1
1664,2021-07-11,TERÇA,9,FEVEREIRO,2,2025,2,3,2
1665,2023-01-02,TERÇA,25,MAIO,2,2023,3,3,2
1666,2023-09-25,QUINTA,8,MARÇO,5,2021,6,3,1
1667,2022-12-18,QUARTA,6,OUTUBRO,8,2023,3,3,2
1668,2021-10-15,DOMINGO,4,MAIO,9,2014,2,2,1
1669,2023-11-27,QUINTA,15,MARÇO,3,2022,1,1,2
1670,2021-06-05,SEXTA,26,SETEMPRO,2,2015,2,2,1
1671,2023-12-05,SEGUNDA,29,AGOSTO,10,2017,3,3,1
1672,2023-04-28,SEXTA,23,OUTUBRO,9,2015,2,2,2
1673,2023-10-22,QUINTA,14,JUNHO,8,2011,5,3,2
1674,2021-08-20,DOMINGO,30,AGOSTO,5,2024,3,2,1
1675,2020-01-08,SÁBADO,3,MAIO,1,2013,3,3,2
1676,2020-07-23,TERÇA,4,JANEIRO,4,2014,4,4,2
1677,2023-01-07,QUARTA,29,MAIO,6,2016,1,2,2
1678,2022-03-01,TERÇA,27,MARÇO,7,2018,4,2,1
1679,2023-09-07,QUINTA,6,JUNHO,4,2014,5,3,2
1680,2021-08-04,SEXTA,23,SETEMPRO,6,2021,3,2,1
1681,2022-04-14,SEGUNDA,27,DEZEMBRO,4,2011,5,3,1
1682,2023-08-13,TERÇA,9,JULHO,5,2013,4,4,1
1683,2022-01-18,SÁBADO,12,SETEMPRO,1,2020,3,2,2
1684,2023-09-02,QUINTA,26,ABRIL,9,2011,2,4,1
1685,2020-10-16,SEXTA,29,NOVEMBRO,11,2023,2,1,2
1686,2022-11-21,QUARTA,8,JANEIRO,10,2025,3,3,1
1687,2022-09-06,SEGUNDA,30,ABRIL,6,2010,1,1,1
1688,2022-06-26,SÁBADO,4,AGOSTO,7,2012,2,3,2
1689,2022-05-18,SÁBADO,23,OUTUBRO,10,2018,5,2,2
1690,2020-03-01,QUARTA,17,NOVEMBRO,2,2022,2,3,2
1691,2022-02-05,SÁBADO,21,SETEMPRO,8,2017,4,2,1
1692,2021-06-05,SEXTA,19,DEZEMBRO,2,2015,5,2,1
1693,2023-11-26,QUARTA,19,ABRIL,7,2014,2,3,2
1694,2021-02-20,QUINTA,13,SETEMPRO,11,2023,3,4,2
1695,2020-03-23,DOMINGO,23,DEZEMBRO,1,2017,2,3,1
1696,2020-04-27,SEGUNDA,21,FEVEREIRO,2,2014,3,1,1
1697,2023-02-06,QUARTA,4,JANEIRO,4,2018,4,2,1
1698,2022-07-31,SEGUNDA,10,OUTUBRO,4,2020,2,2,2
1699,2022-08-08,SEXTA,27,NOVEMBRO,6,2025,5,4,2
1700,2020-10-02,TERÇA,22,FEVEREIRO,8,2024,6,2,1
1701,2022-02-22,QUARTA,5,OUTUBRO,5,2012,2,4,1
1702,2020-03-07,TERÇA,3,OUTUBRO,10,2019,4,4,2
1703,2021-08-07,QUARTA,4,SETEMPRO,2,2021,1,3,1
1704,2021-10-17,SEGUNDA,22,AGOSTO,11,2018,2,1,2
1705,2021-01-09,SÁBADO,12,OUTUBRO,6,2022,5,3,2
1706,2022-05-23,QUARTA,16,FEVEREIRO,6,2015,1,2,2
1707,2022-08-03,TERÇA,11,OUTUBRO,8,2021,4,3,2
1708,2020-10-13,SEGUNDA,18,JANEIRO,6,2024,1,3,1
1709,2022-05-25,QUARTA,13,ABRIL,7,2019,3,2,1
1710,2023-10-18,SÁBADO,29,FEVEREIRO,6,2024,3,4,1
1711,2023-12-06,SEGUNDA,7,DEZEMBRO,5,2017,2,3,1
1712,2020-07-15,SEXTA,6,JUNHO,1,2015,3,3,2
1713,2022-06-02,TERÇA,14,JULHO,4,2012,5,2,1
1714,2023-04-15,SEXTA,18,AGOSTO,11,2024,1,1,2
1715,2021-09-16,SEGUNDA,4,NOVEMBRO,7,2015,6,4,2
1716,2023-11-06,QUINTA,31,JUNHO,5,2021,6,3,2
1717,2021-07-05,SEGUNDA,17,AGOSTO,6,2025,5,2,1
1718,2020-04-17,SÁBADO,2,FEVEREIRO,11,2015,2,1,1
1719,2022-10-24,TERÇA,15,AGOSTO,11,2010,1,3,2
1720,2021-10-27,TERÇA,10,ABRIL,5,2024,5,3,2
1721,2021-03-17,QUARTA,21,MAIO,2,2021,3,1,2
1722,2021-02-11,SEXTA,7,JUNHO,4,2018,2,3,2
1723,2022-10-15,SEXTA,26,OUTUBRO,4,2014,3,3,1
1724,2020-09-27,TERÇA,2,MAIO,4,2022,5,1,1
1725,2022-12-09,TERÇA,29,AGOSTO,12,2014,5,3,2
1726,2021-06-03,SÁBADO,8,AGOSTO,3,2021,5,1,2
1727,2023-05-11,SÁBADO,17,FEVEREIRO,10,2018,2,4,2
1728,2020-01-12,SEGUNDA,9,NOVEMBRO,9,2010,2,3,1
1729,2022-07-05,SEXTA,28,FEVEREIRO,2,2018,4,1,1
1730,2022-12-10,QUARTA,16,MARÇO,6,2017,5,1,1
1731,2022-05-21,SÁBADO,5,FEVEREIRO,6,2011,2,2,2
1732,2023-03-03,QUARTA,9,MARÇO,7,2017,2,3,2
1733,2020-10-30,SÁBADO,7,MARÇO,2,2023,6,2,2
1734,2021-04-27,QUARTA,25,MAIO,11,2023,4,2,2
1735,2021-12-06,SÁBADO,16,MARÇO,10,2022,4,1,2
1736,2023-07-23,SÁBADO,25,JUNHO,9,2022,2,1,2
1737,2020-10-31,QUINTA,16,JUNHO,4,2011,2,4,2
1738,2023-05-30,SEGUNDA,19,OUTUBRO,9,2015,5,2,1
1739,2020-09-01,TERÇA,29,MAIO,4,2013,2,2,2
1740,2022-12-09,QUINTA,11,MARÇO,1,2021,2,4,1
1741,2023-05-01,QUINTA,5,ABRIL,5,2015,2,3,1
1742,2020-12-08,DOMINGO,14,MAIO,8,2013,2,3,2
1743,2023-09-11,DOMINGO,24,FEVEREIRO,12,2024,4,3,2
1744,2020-02-08,SEXTA,4,JUNHO,11,2011,6,2,1
1745,2022-01-21,SEXTA,14,JUNHO,5,2015,2,2,1
1746,2020-10-26,QUINTA,17,MARÇO,5,2024,2,3,1
1747,2022-09-02,SÁBADO,21,JUNHO,7,2023,5,2,1
1748,2021-05-08,DOMINGO,10,ABRIL,11,2017,3,3,2
1749,2023-03-27,SEGUNDA,15,OUTUBRO,11,2022,3,1,1
1750,2023-11-14,SEGUNDA,19,OUTUBRO,11,2017,5,2,1
1751,2021-07-04,SEXTA,16,MAIO,8,2013,6,4,2
1752,2021-05-30,QUINTA,6,JULHO,7,2013,3,3,2
1753,2023-11-08,QUINTA,8,JANEIRO,6,2019,2,4,2
1754,2022-03-12,SEXTA,9,MAIO,10,2011,5,1,2
1755,2023-10-07,QUARTA,23,JULHO,8,2011,3,2,1
1756,2022-08-25,SEXTA,27,OUTUBRO,3,2014,2,2,1
1757,2021-08-23,SEGUNDA,1,JANEIRO,12,2024,3,4,1
1758,2020-05-15,SÁBADO,26,JULHO,7,2019,1,2,2
1759,2023-01-07,SÁBADO,12,SETEMPRO,4,2019,5,1,1
1760,2020-09-24,QUINTA,2,MAIO,6,2019,6,2,1
1761,2021-03-01,SÁBADO,12,ABRIL,5,2020,3,2,1
1762,2023-09-02,QUINTA,28,MARÇO,7,2014,4,2,1
1763,2023-11-04,QUINTA,14,FEVEREIRO,6,2018,2,3,1
1764,2022-04-13,TERÇA,18,MAIO,2,2017,5,1,1
1765,2022-08-23,SÁBADO,4,SETEMPRO,10,2011,4,2,2
1766,2021-03-20,QUINTA,19,OUTUBRO,5,2014,5,2,2
1767,2020-11-03,QUINTA,9,SETEMPRO,8,2012,3,2,1
1768,2021-02-09,SEGUNDA,9,JANEIRO,11,2012,2,4,2
1769,2021-01-25,SEGUNDA,16,JULHO,7,2023,4,4,2
1770,2022-01-01,QUINTA,25,MARÇO,9,2016,2,1,2
1771,2022-10-15,SÁBADO,3,JULHO,2,2019,2,1,2
1772,2021-03-30,SEXTA,12,JANEIRO,6,2022,4,4,2
1773,2020-02-13,TERÇA,31,JULHO,8,2017,2,2,1
1774,2021-11-06,SÁBADO,16,MARÇO,1,2017,4,2,1
1775,2023-03-21,QUARTA,21,MAIO,5,2021,4,1,1
1776,2022-12-25,SEXTA,30,NOVEMBRO,10,2024,3,2,2
1777,2023-03-10,SEXTA,4,NOVEMBRO,4,2014,3,2,1
1778,2020-07-04,SEGUNDA,23,SETEMPRO,10,2012,1,2,1
1779,2023-08-15,SÁBADO,29,MARÇO,1,2011,2,2,2
1780,2020-12-30,SÁBADO,30,JULHO,3,2011,2,3,1
1781,2022-01-17,TERÇA,14,NOVEMBRO,7,2018,5,2,1
1782,2021-01-15,SEXTA,9,MARÇO,8,2013,2,3,1
1783,2023-12-05,SÁBADO,4,JANEIRO,5,2011,5,2,1
1784,2020-11-13,SÁBADO,18,NOVEMBRO,11,2011,3,2,1
1785,2022-12-04,TERÇA,8,MARÇO,7,2018,4,1,2
1786,2022-10-16,TERÇA,16,MARÇO,2,2012,6,2,2
1787,2023-05-18,SEGUNDA,19,SETEMPRO,7,2010,2,2,1
1788,2020-09-05,QUARTA,6,JUNHO,5,2013,5,4,2
1789,2022-06-20,SEXTA,15,MAIO,7,2011,5,2,2
1790,2023-07-05,QUARTA,10,MAIO,3,2021,2,2,2
1791,2022-03-08,QUINTA,20,JULHO,4,2025,3,3,2
1792,2022-10-14,SÁBADO,3,AGOSTO,8,2022,5,4,1
1793,2023-02-19,QUINTA,11,JUNHO,4,2024,3,1,2
1794,2021-08-13,QUARTA,6,OUTUBRO,11,2010,4,4,2
1795,2021-11-10,QUINTA,16,AGOSTO,12,2013,5,2,1
1796,2021-06-16,QUARTA,2,SETEMPRO,5,2020,5,3,1
1797,2020-08-26,QUARTA,19,ABRIL,11,2017,3,4,1
1798,2023-01-18,DOMINGO,19,JULHO,1,2021,3,2,2
1799,2021-09-25,QUARTA,15,JULHO,10,2012,6,2,1
1800,2021-08-05,SEXTA,31,MAIO,5,2024,4,2,1
1801,2021-10-01,QUARTA,19,FEVEREIRO,9,2010,1,2,2
1802,2022-08-11,QUARTA,14,AGOSTO,6,2016,5,3,2
1803,2023-01-19,SÁBADO,16,SETEMPRO,6,2023,6,3,2
1804,2022-07-26,SÁBADO,14,MARÇO,7,2010,5,1,1
1805,2020-04-10,SEGUNDA,30,OUTUBRO,3,2022,4,2,1
1806,2021-10-12,TERÇA,5,OUTUBRO,12,2010,5,1,2
1807,2021-06-30,QUARTA,10,OUTUBRO,6,2023,2,2,2
1808,2022-11-07,TERÇA,8,JULHO,9,2013,5,3,2
1809,2023-06-28,SÁBADO,2,JANEIRO,1,2018,5,3,1
1810,2022-11-22,DOMINGO,18,AGOSTO,12,2020,3,2,1
1811,2023-11-04,TERÇA,13,JANEIRO,2,2019,4,4,1
1812,2020-11-03,SEXTA,11,NOVEMBRO,4,2011,1,2,1
1813,2021-10-07,SEGUNDA,28,AGOSTO,10,2014,4,1,1
1814,2022-08-09,SEXTA,1,AGOSTO,2,2023,5,3,1
1815,2023-07-22,DOMINGO,21,JUNHO,6,2017,5,3,1
1816,2023-12-21,QUINTA,11,DEZEMBRO,7,2019,2,1,1
1817,2021-05-15,DOMINGO,13,NOVEMBRO,10,2011,3,3,1
1818,2022-09-25,SEGUNDA,12,MAIO,11,2018,2,2,1
1819,2020-04-11,TERÇA,13,JUNHO,2,2021,5,3,1
1820,2022-07-12,DOMINGO,13,FEVEREIRO,3,2015,2,3,2
1821,2022-07-19,SEGUNDA,12,MARÇO,11,2014,6,3,2
1822,2020-06-01,DOMINGO,14,MARÇO,12,2016,6,3,2
1823,2020-09-26,SEXTA,22,JANEIRO,6,2017,3,2,2
1824,2021-07-10,QUARTA,10,MARÇO,11,2010,2,3,2
1825,2023-08-15,QUARTA,6,MARÇO,9,2017,4,4,1
1826,2022-01-08,SEXTA,28,MARÇO,11,2015,4,3,2
1827,2021-09-19,SEGUNDA,12,MARÇO,8,2021,5,3,1
1828,2022-06-21,QUINTA,14,MARÇO,5,2017,4,4,1
1829,2023-11-22,SÁBADO,13,SETEMPRO,6,2016,4,1,2
1830,2022-05-01,SEGUNDA,30,JULHO,7,2018,5,2,2
1831,2023-08-28,SEGUNDA,13,SETEMPRO,4,2013,5,2,2
1832,2021-08-16,SEXTA,20,MAIO,5,2023,1,2,1
1833,2022-01-17,DOMINGO,2,ABRIL,9,2023,1,4,1
1834,2023-10-28,SEGUNDA,17,DEZEMBRO,12,2021,6,2,2
1835,2021-08-18,TERÇA,25,SETEMPRO,7,2013,2,2,2
1836,2020-06-06,SEXTA,29,FEVEREIRO,10,2014,2,2,1
1837,2022-02-13,SÁBADO,19,OUTUBRO,7,2025,3,2,1
1838,2021-04-04,SÁBADO,24,JUNHO,11,2012,4,4,2
1839,2021-05-22,QUINTA,26,ABRIL,7,2015,4,2,1
1840,2022-01-19,QUARTA,14,ABRIL,11,2025,3,3,2
1841,2021-11-24,SÁBADO,16,SETEMPRO,6,2021,4,2,2
1842,2023-10-23,SEXTA,22,AGOSTO,8,2010,5,2,1
1843,2021-10-25,SEXTA,29,MARÇO,11,2011,5,3,2
1844,2023-01-18,SEXTA,16,JULHO,2,2011,5,3,1
1845,2023-10-14,SEXTA,11,AGOSTO,2,2010,4,4,2
1846,2022-10-18,QUARTA,4,NOVEMBRO,1,2022,2,3,1
1847,2023-09-26,QUINTA,31,NOVEMBRO,7,2018,4,2,2
1848,2022-02-18,SEXTA,13,ABRIL,6,2023,3,3,1
1849,2021-09-29,SEXTA,26,ABRIL,3,2015,4,3,2
1850,2021-07-30,TERÇA,11,ABRIL,6,2015,4,2,1
1851,2022-08-15,TERÇA,6,MAIO,4,2017,6,2,1
1852,2021-11-29,QUARTA,5,FEVEREIRO,4,2020,4,1,1
1853,2021-01-02,DOMINGO,3,MARÇO,9,2024,4,1,2
1854,2021-10-20,DOMINGO,14,JULHO,9,2021,1,3,1
1855,2020-09-28,SEXTA,19,OUTUBRO,10,2021,5,2,2
1856,2020-10-07,SEGUNDA,14,OUTUBRO,5,2022,6,3,1
1857,2022-06-08,TERÇA,22,OUTUBRO,9,2018,5,2,1
1858,2020-05-12,SÁBADO,15,MARÇO,3,2015,6,3,2
1859,2020-06-21,SÁBADO,3,MARÇO,12,2010,4,4,1
1860,2021-01-21,QUINTA,26,JANEIRO,12,2023,5,3,1
1861,2022-11-17,SEGUNDA,15,MAIO,4,2024,5,1,2
1862,2023-06-01,DOMINGO,4,SETEMPRO,2,2025,2,2,2
1863,2020-08-18,DOMINGO,28,JUNHO,1,2023,5,3,2
1864,2020-01-23,QUARTA,14,FEVEREIRO,9,2012,4,4,2
1865,2021-02-27,DOMINGO,6,AGOSTO,11,2020,2,4,1
1866,2021-03-21,QUARTA,18,SETEMPRO,8,2012,3,3,2
1867,2020-12-23,QUARTA,24,FEVEREIRO,8,2011,5,1,2
1868,2023-11-01,SÁBADO,14,MAIO,5,2021,3,4,2
1869,2021-09-07,TERÇA,9,MARÇO,6,2015,5,4,2
1870,2022-06-07,SEXTA,20,ABRIL,6,2011,1,4,1
1871,2021-03-22,TERÇA,27,FEVEREIRO,5,2015,2,4,1
1872,2022-02-14,DOMINGO,26,SETEMPRO,11,2010,6,4,2
1873,2021-02-28,QUINTA,6,MAIO,11,2021,4,3,2
1874,2023-10-30,QUINTA,4,AGOSTO,7,2021,5,2,1
1875,2023-07-16,SEXTA,21,SETEMPRO,6,2025,5,2,1
1876,2022-11-24,QUINTA,17,ABRIL,2,2018,1,2,1
1877,2021-02-14,SEXTA,8,JUNHO,11,2025,2,2,2
1878,2023-05-07,SEXTA,9,DEZEMBRO,11,2012,3,2,2
1879,2023-04-03,TERÇA,7,OUTUBRO,3,2019,2,1,2
1880,2023-03-24,QUINTA,23,MARÇO,6,2023,4,1,2
1881,2022-02-11,SÁBADO,28,ABRIL,11,2017,3,2,1
1882,2021-11-01,SÁBADO,14,JUNHO,9,2010,6,3,2
1883,2023-06-20,SEGUNDA,12,JULHO,2,2021,3,2,1
1884,2023-07-13,SEXTA,8,JUNHO,9,2023,5,3,1
1885,2022-05-18,SEXTA,3,SETEMPRO,11,2014,4,3,2
1886,2021-04-27,TERÇA,27,JANEIRO,8,2013,3,3,1
1887,2020-07-13,SEXTA,2,ABRIL,2,2022,4,3,2
1888,2022-01-08,QUARTA,19,ABRIL,12,2024,3,4,1
1889,2021-08-14,QUARTA,19,OUTUBRO,9,2011,4,2,1
1890,2021-12-19,SEXTA,7,SETEMPRO,1,2014,5,2,2
1891,2022-01-29,SEGUNDA,25,OUTUBRO,3,2017,2,3,2
1892,2022-06-30,QUINTA,23,JULHO,9,2025,2,2,2
1893,2022-11-10,TERÇA,4,AGOSTO,5,2010,2,2,2
1894,2023-11-09,SEXTA,11,JULHO,4,2020,4,2,1
1895,2020-06-02,QUARTA,26,FEVEREIRO,1,2021,2,3,2
1896,2020-08-03,SEXTA,14,FEVEREIRO,11,2023,3,3,1
1897,2021-11-04,TERÇA,12,JUNHO,8,2024,4,2,2
1898,2022-09-06,QUINTA,2,JULHO,6,2013,2,3,2
1899,2022-11-21,SEGUNDA,9,MARÇO,5,2022,4,3,2
1900,2021-01-26,SÁBADO,22,JULHO,6,2019,4,2,2
1901,2021-11-02,QUARTA,17,DEZEMBRO,12,2023,2,4,2
1902,2021-09-07,SÁBADO,19,AGOSTO,6,2013,3,4,1
1903,2023-05-17,QUARTA,27,AGOSTO,6,2022,3,1,1
1904,2023-12-05,QUINTA,8,OUTUBRO,5,2023,2,2,2
1905,2023-12-14,SEXTA,21,JULHO,4,2010,5,2,1
1906,2021-07-08,TERÇA,6,NOVEMBRO,3,2020,2,2,1
1907,2022-12-22,TERÇA,24,MAIO,7,2011,6,2,1
1908,2023-09-20,SEXTA,5,NOVEMBRO,6,2025,6,1,2
1909,2023-04-11,TERÇA,13,AGOSTO,3,2022,3,4,2
1910,2023-11-15,SEGUNDA,3,ABRIL,7,2010,2,1,1
1911,2020-01-14,QUINTA,1,JULHO,5,2021,2,3,2
1912,2020-07-17,SEXTA,7,NOVEMBRO,2,2021,1,3,2
1913,2023-04-17,TERÇA,24,NOVEMBRO,6,2010,2,4,1
1914,2021-05-13,SEXTA,6,MAIO,12,2011,1,3,2
1915,2021-01-24,SEXTA,5,JULHO,9,2014,1,3,1
1916,2020-03-28,TERÇA,12,JANEIRO,11,2022,5,1,1
1917,2021-07-11,DOMINGO,26,FEVEREIRO,8,2023,5,3,2
1918,2023-12-20,DOMINGO,15,DEZEMBRO,3,2017,2,4,2
1919,2020-06-18,SEGUNDA,11,OUTUBRO,9,2024,3,2,2
1920,2021-05-24,QUARTA,17,FEVEREIRO,7,2018,1,3,1
1921,2023-11-18,SEGUNDA,12,JULHO,11,2022,5,2,1
1922,2023-11-09,QUARTA,12,MAIO,8,2023,2,4,2
1923,2020-11-22,SEXTA,1,MAIO,1,2019,6,1,1
1924,2022-03-17,TERÇA,12,FEVEREIRO,12,2025,2,3,1
1925,2022-04-13,QUINTA,17,SETEMPRO,4,2015,3,2,1
1926,2022-08-01,QUARTA,16,JUNHO,7,2017,3,3,1
1927,2020-04-16,DOMINGO,25,OUTUBRO,5,2023,4,1,2
1928,2021-10-14,DOMINGO,6,MAIO,4,2024,5,3,1
1929,2020-03-14,DOMINGO,2,FEVEREIRO,4,2018,2,1,1
1930,2022-10-20,SEXTA,14,FEVEREIRO,8,2012,5,2,2
1931,2022-11-16,SÁBADO,20,DEZEMBRO,4,2022,5,4,2
1932,2020-06-15,TERÇA,26,MAIO,6,2017,5,2,1
1933,2023-03-07,QUARTA,12,JUNHO,8,2021,3,3,1
1934,2022-08-22,TERÇA,10,JUNHO,11,2012,3,1,2
1935,2021-12-17,TERÇA,6,FEVEREIRO,2,2013,2,3,1
1936,2023-12-04,SEGUNDA,4,AGOSTO,7,2010,4,2,2
1937,2020-05-28,QUARTA,17,AGOSTO,5,2024,3,2,2
1938,2022-02-16,SÁBADO,23,FEVEREIRO,3,2024,6,3,2
1939,2021-02-07,TERÇA,4,FEVEREIRO,6,2022,5,2,2
1940,2020-12-24,TERÇA,19,AGOSTO,9,2025,3,4,2
1941,2021-08-04,QUARTA,26,OUTUBRO,5,2021,3,2,1
1942,2023-03-22,DOMINGO,11,AGOSTO,4,2011,2,1,1
1943,2020-07-01,SÁBADO,2,SETEMPRO,10,2010,1,3,2
1944,2021-03-19,TERÇA,4,NOVEMBRO,1,2016,1,1,1
1945,2021-07-17,SÁBADO,17,JULHO,7,2015,6,4,1
1946,2022-04-05,SÁBADO,10,NOVEMBRO,7,2015,4,1,1
1947,2022-08-01,TERÇA,16,AGOSTO,7,2021,5,2,2
1948,2021-12-28,DOMINGO,23,NOVEMBRO,3,2011,3,2,2
1949,2022-12-28,SEXTA,21,ABRIL,1,2017,4,3,1
1950,2023-03-19,SÁBADO,4,AGOSTO,2,2013,4,3,2
1951,2022-04-21,QUARTA,12,JUNHO,3,2019,4,4,1
1952,2021-05-23,SEXTA,18,MARÇO,11,2012,2,4,1
1953,2023-09-05,QUINTA,11,ABRIL,11,2021,3,2,1
1954,2021-03-06,SEXTA,26,AGOSTO,8,2017,4,3,2
1955,2023-01-07,QUINTA,1,JULHO,2,2023,3,3,1
1956,2023-07-16,DOMINGO,15,JULHO,10,2018,2,3,2
1957,2020-01-29,QUARTA,4,NOVEMBRO,1,2015,4,2,2
1958,2021-07-12,SEXTA,4,JANEIRO,11,2021,3,1,2
1959,2022-11-04,DOMINGO,5,FEVEREIRO,11,2012,3,1,1
1960,2023-12-19,QUARTA,18,AGOSTO,11,2022,5,4,1
1961,2021-10-22,QUINTA,15,NOVEMBRO,7,2018,6,3,2
1962,2023-10-02,SÁBADO,29,JANEIRO,10,2025,4,1,1
1963,2020-12-12,DOMINGO,4,NOVEMBRO,7,2023,4,2,1
1964,2023-12-02,SÁBADO,18,JUNHO,9,2010,4,4,1
1965,2021-06-10,QUARTA,26,JUNHO,2,2021,6,3,1
1966,2023-12-19,SÁBADO,24,AGOSTO,1,2022,4,2,1
1967,2023-08-27,SEXTA,11,JANEIRO,10,2023,1,3,2
1968,2022-10-09,TERÇA,18,JULHO,3,2012,3,1,1
1969,2021-04-04,SÁBADO,29,OUTUBRO,1,2018,3,3,2
1970,2020-12-15,SEXTA,18,MARÇO,4,2022,2,3,2
1971,2020-05-25,QUARTA,20,SETEMPRO,4,2013,5,2,2
1972,2022-02-17,SÁBADO,16,ABRIL,8,2012,5,1,1
1973,2023-08-29,QUINTA,8,JUNHO,9,2018,4,2,2
1974,2021-02-18,SÁBADO,14,JUNHO,10,2020,2,2,2
1975,2023-04-01,SEXTA,30,JULHO,6,2011,6,3,1
1976,2022-05-28,SEGUNDA,3,JULHO,6,2015,4,2,2
1977,2023-12-20,QUARTA,25,NOVEMBRO,1,2013,2,2,1
1978,2022-09-17,TERÇA,6,MARÇO,1,2013,4,3,2
1979,2021-01-09,SEGUNDA,18,MARÇO,12,2023,2,1,2
1980,2021-11-26,TERÇA,6,JULHO,7,2021,5,3,1
1981,2020-10-18,TERÇA,25,JULHO,7,2012,2,3,2
1982,2023-10-08,TERÇA,18,MAIO,8,2023,2,2,2
1983,2023-01-20,QUARTA,7,FEVEREIRO,2,2015,4,4,2
1984,2022-09-04,SEXTA,3,AGOSTO,10,2011,2,4,2
1985,2023-01-30,SÁBADO,24,AGOSTO,5,2012,2,3,1
1986,2020-08-08,SEGUNDA,6,SETEMPRO,3,2022,6,4,2
1987,2020-08-22,SÁBADO,24,NOVEMBRO,4,2010,4,3,1
1988,2022-05-08,QUARTA,5,NOVEMBRO,4,2012,1,4,2
1989,2023-07-24,QUINTA,7,MAIO,6,2013,5,4,2
1990,2020-11-08,DOMINGO,12,MAIO,10,2015,3,2,1
1991,2023-11-25,SÁBADO,3,MAIO,9,2014,3,3,2
1992,2023-12-06,TERÇA,8,ABRIL,6,2022,6,2,1
1993,2020-11-02,TERÇA,18,NOVEMBRO,7,2018,4,2,1
1994,2022-01-11,QUARTA,29,MARÇO,4,2022,4,3,1
1995,2020-02-15,SEXTA,20,DEZEMBRO,6,2015,5,2,2
1996,2022-06-28,DOMINGO,27,AGOSTO,11,2012,4,4,1
1997,2023-07-21,SÁBADO,12,MAIO,7,2020,1,2,2
1998,2023-01-07,SEXTA,30,JULHO,9,2024,6,2,2
1999,2023-08-31,QUINTA,8,MARÇO,4,2025,5,1,2
2000,2023-03-03,SÁBADO,26,FEVEREIRO,5,2014,1,1,1
